,_c0,Rk,Player,Nation,Pos,Squad,Comp,Age,Born,MP,Starts,Min,90s,Goals,Shots,SoT,SoT%,G/Sh,G/SoT,ShoDist,ShoFK,ShoPK,PKatt,PasTotCmp,PasTotAtt,PasTotCmp%,PasTotDist,PasTotPrgDist,PasShoCmp,PasShoAtt,PasShoCmp%,PasMedCmp,PasMedAtt,PasMedCmp%,PasLonCmp,PasLonAtt,PasLonCmp%,Assists,PasAss,Pas3rd,PPA,CrsPA,PasProg,PasAtt,PasLive,PasDead,PasFK,TB,Sw,PasCrs,TI,CK,CkIn,CkOut,CkStr,PasCmp,PasOff,PasBlocks,SCA,ScaPassLive,ScaPassDead,ScaDrib,ScaSh,ScaFld,ScaDef,GCA,GcaPassLive,GcaPassDead,GcaDrib,GcaSh,GcaFld,GcaDef,Tkl,TklWon,TklDef3rd,TklMid3rd,TklAtt3rd,TklDri,TklDriAtt,TklDri%,TklDriPast,Blocks,BlkSh,BlkPass,Int,Tkl+Int,Clr,Err,Touches,TouDefPen,TouDef3rd,TouMid3rd,TouAtt3rd,TouAttPen,TouLive,ToAtt,ToSuc,ToSuc%,ToTkl,ToTkl%,Carries,CarTotDist,CarPrgDist,CarProg,Car3rd,CPA,CarMis,CarDis,Rec,RecProg,CrdY,CrdR,2CrdY,Fls,Fld,Off,Crs,TklW,PKwon,PKcon,OG,Recov,AerWon,AerLost,AerWon%,GPJ,score,Desempenho
147,2318,2319,Yann Sommer,SUI,GK,M'Gladbach,Bundesliga,34,1988,10,10,900,10.0,0,0.0,0.0,0.0,0.0,0.0,0.0,0.0,0.0,0.0,49.9,60.9,81.9,1144.8,743.2,12.4,12.5,99.2,28.0,28.5,98.2,9.4,19.6,48.0,0.0,0.0,0.5,0.0,0.0,0.0,60.9,48.3,12.4,3.4,0.0,0.2,0.0,0.0,0.0,0.0,0.0,0.0,49.9,0.2,0.0,0.2,0.2,0.0,0.0,0.0,0.0,0.0,0.0,0.0,0.0,0.0,0.0,0.0,0.0,0.1,0.0,0.1,0.0,0.0,0.1,0.1,100.0,0.0,0.0,0.0,0.0,0.0,0.1,0.8,0.0,63.8,44.4,63.6,0.2,0.0,0.0,63.8,0.0,0.0,0.0,0.0,0.0,42.0,180.3,98.1,0.0,0.0,0.0,0.0,0.0,40.5,0.0,0.0,0.0,0.0,0.0,0.0,0.0,0.0,0.0,0.0,0.0,0.0,1.4,0.0,0.1,0.0,0.0,140.89999999999998,Excelente
100,1777,1778,Manuel Neuer,GER,GK,Bayern Munich,Bundesliga,36,1986,12,12,1080,12.0,0,0.17,0.08,50.0,0.0,0.0,9.0,0.0,0.0,0.0,37.4,42.0,89.1,880.9,606.7,8.0,8.0,100.0,19.5,19.8,98.3,9.83,14.1,69.8,0.0,0.0,0.08,0.0,0.0,0.08,42.0,34.6,7.42,1.58,0.0,0.0,0.0,0.08,0.0,0.0,0.0,0.0,37.4,0.0,0.0,0.17,0.08,0.08,0.0,0.0,0.0,0.0,0.0,0.0,0.0,0.0,0.0,0.0,0.0,0.0,0.0,0.0,0.0,0.0,0.0,0.0,0.0,0.0,0.0,0.0,0.0,0.0,0.0,0.33,0.08,44.0,36.3,43.3,0.67,0.17,0.17,44.0,0.0,0.0,0.0,0.0,0.0,28.2,127.8,75.8,0.0,0.0,0.0,0.08,0.0,26.5,0.0,0.0,0.0,0.0,0.0,0.08,0.0,0.0,0.0,0.0,0.0,0.0,1.75,0.25,0.0,100.0,0.0,132.45,Excelente
92,1653,1654,Alexander Meyer,GER,GK,Dortmund,Bundesliga,31,1991,4,4,360,4.0,0,0.0,0.0,0.0,0.0,0.0,0.0,0.0,0.0,0.0,43.8,49.0,89.3,1039.5,635.0,9.0,9.25,97.3,23.5,23.5,100.0,11.3,15.8,71.4,0.0,0.0,0.0,0.0,0.0,0.0,49.0,38.8,10.0,3.0,0.0,0.25,0.0,0.0,0.0,0.0,0.0,0.0,43.8,0.25,0.25,0.0,0.0,0.0,0.0,0.0,0.0,0.0,0.0,0.0,0.0,0.0,0.0,0.0,0.0,0.0,0.0,0.0,0.0,0.0,0.0,0.25,0.0,0.25,0.0,0.0,0.0,0.0,0.0,0.25,0.0,50.5,32.3,49.0,1.25,0.25,0.25,50.5,0.0,0.0,0.0,0.0,0.0,34.0,182.0,110.5,0.0,0.0,0.0,0.0,0.0,27.8,0.0,0.0,0.0,0.0,0.0,0.0,0.0,0.0,0.0,0.0,0.0,0.0,2.75,0.25,0.0,100.0,0.0,124.44999999999996,Bom
7,215,216,Oliver Baumann,GER,GK,Hoffenheim,Bundesliga,32,1990,20,20,1800,20.0,0,0.0,0.0,0.0,0.0,0.0,0.0,0.0,0.0,0.0,35.0,43.5,80.6,850.1,578.4,9.0,9.0,100.0,16.9,17.1,98.8,8.85,16.9,52.4,0.0,0.05,0.55,0.0,0.0,0.05,43.5,35.1,8.15,2.0,0.0,0.25,0.0,0.0,0.0,0.0,0.0,0.0,35.0,0.15,0.05,0.15,0.15,0.0,0.0,0.0,0.0,0.0,0.05,0.05,0.0,0.0,0.0,0.0,0.0,0.0,0.0,0.0,0.0,0.0,0.0,0.0,0.0,0.0,0.0,0.0,0.0,0.0,0.0,0.45,0.05,45.8,36.0,45.3,0.45,0.0,0.0,45.8,0.0,0.0,0.0,0.0,0.0,29.1,125.8,66.1,0.0,0.0,0.0,0.0,0.0,25.6,0.0,0.0,0.0,0.0,0.0,0.0,0.0,0.0,0.0,0.0,0.0,0.0,1.85,0.45,0.0,100.0,0.0,118.35000000000002,Bom
58,1073,1074,Samir Handanovi?,SVN,GK,Inter,Serie A,38,1984,8,8,720,8.0,0,0.0,0.0,0.0,0.0,0.0,0.0,0.0,0.0,0.0,35.0,39.3,89.2,798.8,552.8,11.0,11.1,98.9,16.3,16.4,99.2,7.63,11.3,67.8,0.0,0.0,0.75,0.0,0.0,0.0,39.3,31.6,7.25,1.63,0.0,0.0,0.0,0.0,0.0,0.0,0.0,0.0,35.0,0.38,0.0,0.25,0.13,0.13,0.0,0.0,0.0,0.0,0.0,0.0,0.0,0.0,0.0,0.0,0.0,0.0,0.0,0.0,0.0,0.0,0.0,0.0,0.0,0.0,0.0,0.0,0.0,0.0,0.0,0.25,0.0,41.4,33.3,41.0,0.25,0.13,0.0,41.4,0.0,0.0,0.0,0.0,0.0,23.9,123.3,101.1,0.0,0.0,0.0,0.13,0.0,24.9,0.0,0.0,0.0,0.0,0.0,0.0,0.0,0.0,0.0,0.0,0.0,0.0,1.0,0.0,0.0,0.0,0.0,118.1,Bom
146,2317,2318,Yann Sommer,SUI,GK,Bayern Munich,Bundesliga,34,1988,5,5,450,5.0,0,0.0,0.0,0.0,0.0,0.0,0.0,0.0,0.0,0.0,37.4,42.6,87.8,869.6,568.2,8.4,8.4,100.0,20.2,20.4,99.0,8.8,13.4,65.7,0.0,0.0,0.4,0.0,0.0,0.2,42.6,36.0,6.6,1.6,0.0,0.0,0.0,0.0,0.0,0.0,0.0,0.0,37.4,0.0,0.4,0.2,0.2,0.0,0.0,0.0,0.0,0.0,0.0,0.0,0.0,0.0,0.0,0.0,0.0,0.0,0.0,0.0,0.0,0.0,0.0,0.0,0.0,0.0,0.0,0.0,0.0,0.2,0.2,0.2,0.0,43.8,33.2,42.8,1.0,0.0,0.0,43.8,0.0,0.0,0.0,0.0,0.0,30.0,123.2,63.0,0.0,0.0,0.0,0.0,0.0,29.4,0.0,0.2,0.0,0.0,0.2,0.0,0.0,0.0,0.0,0.0,0.0,0.0,1.8,0.4,0.2,66.7,0.0,117.19999999999999,Bom
1,68,69,Alisson,BRA,GK,Liverpool,Premier League,30,1992,20,20,1800,20.0,0,0.0,0.0,0.0,0.0,0.0,0.0,0.0,0.0,0.0,31.8,37.1,85.7,746.6,483.5,7.8,7.8,100.0,16.2,16.6,97.9,7.6,12.4,61.3,0.05,0.05,0.45,0.0,0.0,0.05,37.1,30.2,6.8,1.55,0.0,0.1,0.0,0.0,0.0,0.0,0.0,0.0,31.8,0.1,0.05,0.1,0.1,0.0,0.0,0.0,0.0,0.0,0.05,0.05,0.0,0.0,0.0,0.0,0.0,0.0,0.0,0.0,0.0,0.0,0.0,0.0,0.0,0.0,0.1,0.0,0.1,0.0,0.0,0.6,0.0,39.5,30.6,38.5,1.1,0.0,0.0,39.5,0.0,0.0,0.0,0.0,0.0,24.6,121.3,74.7,0.0,0.0,0.0,0.0,0.0,21.6,0.0,0.0,0.0,0.0,0.05,0.05,0.0,0.0,0.0,0.0,0.0,0.0,1.85,0.2,0.05,80.0,0.0,116.10000000000002,Bom
39,762,763,Ederson,BRA,GK,Manchester City,Premier League,29,1993,21,21,1890,21.0,0,0.0,0.0,0.0,0.0,0.0,0.0,0.0,0.0,0.0,31.7,36.4,86.9,745.9,481.5,7.14,7.24,98.7,17.0,17.1,99.2,7.52,12.0,62.5,0.05,0.05,0.24,0.0,0.0,0.0,36.4,30.6,5.86,1.48,0.05,0.19,0.0,0.0,0.0,0.0,0.0,0.0,31.7,0.0,0.0,0.14,0.14,0.0,0.0,0.0,0.0,0.0,0.05,0.05,0.0,0.0,0.0,0.0,0.0,0.05,0.0,0.05,0.0,0.0,0.05,0.1,50.0,0.05,0.0,0.0,0.0,0.0,0.05,0.33,0.1,37.8,29.2,37.5,0.38,0.0,0.0,37.8,0.0,0.0,0.0,0.0,0.0,25.3,116.9,73.4,0.0,0.0,0.0,0.0,0.0,24.0,0.0,0.05,0.0,0.0,0.0,0.1,0.0,0.0,0.0,0.0,0.0,0.0,1.14,0.24,0.0,100.0,0.0,115.89999999999999,Bom
13,297,298,Janis Blaswich,GER,GK,RB Leipzig,Bundesliga,31,1991,13,13,1170,13.0,0,0.0,0.0,0.0,0.0,0.0,0.0,0.0,0.0,0.0,34.6,39.2,88.2,738.8,397.1,9.77,9.77,100.0,19.5,19.5,100.0,5.15,9.77,52.8,0.0,0.0,0.23,0.0,0.0,0.08,39.2,31.6,7.62,1.69,0.0,0.0,0.0,0.0,0.0,0.0,0.0,0.0,34.6,0.0,0.0,0.0,0.0,0.0,0.0,0.0,0.0,0.0,0.0,0.0,0.0,0.0,0.0,0.0,0.0,0.0,0.0,0.0,0.0,0.0,0.0,0.0,0.0,0.0,0.0,0.0,0.0,0.0,0.0,0.38,0.0,40.8,29.8,40.2,0.69,0.0,0.0,40.8,0.08,0.08,100.0,0.0,0.0,26.7,97.2,48.3,0.0,0.0,0.0,0.0,0.0,24.8,0.0,0.0,0.0,0.0,0.0,0.23,0.0,0.0,0.0,0.0,0.0,0.0,1.38,0.54,0.0,100.0,0.0,115.81999999999998,Bom
156,2490,2491,Sven Ulreich,GER,GK,Bayern Munich,Bundesliga,34,1988,3,3,270,3.0,0,0.0,0.0,0.0,0.0,0.0,0.0,0.0,0.0,0.0,36.7,43.7,84.0,760.7,510.3,13.7,13.7,100.0,17.7,18.0,98.1,5.33,11.7,45.7,0.0,0.0,0.0,0.0,0.0,0.0,43.7,36.7,6.67,0.67,0.0,0.0,0.0,0.0,0.0,0.0,0.0,0.0,36.7,0.33,0.0,0.0,0.0,0.0,0.0,0.0,0.0,0.0,0.0,0.0,0.0,0.0,0.0,0.0,0.0,0.33,0.33,0.33,0.0,0.0,0.33,0.33,100.0,0.0,0.0,0.0,0.0,0.0,0.33,0.0,0.33,46.3,41.0,46.3,0.33,0.0,0.0,46.3,0.0,0.0,0.0,0.0,0.0,32.3,147.0,72.3,0.0,0.0,0.0,0.0,0.0,26.7,0.0,0.33,0.0,0.0,0.33,0.33,0.0,0.0,0.33,0.0,0.33,0.0,1.67,0.0,0.0,0.0,0.0,115.4,Bom
130,2142,2143,Ger�nimo Rulli,ARG,GK,Villarreal,La Liga,30,1992,14,14,1260,14.0,0,0.0,0.0,0.0,0.0,0.0,0.0,0.0,0.0,0.0,33.1,38.8,85.5,848.3,553.7,5.86,5.93,98.8,19.3,19.4,99.6,7.79,13.1,59.2,0.0,0.0,0.43,0.0,0.0,0.0,38.8,29.9,8.86,2.29,0.0,0.0,0.0,0.0,0.0,0.0,0.0,0.0,33.1,0.0,0.14,0.07,0.07,0.0,0.0,0.0,0.0,0.0,0.0,0.0,0.0,0.0,0.0,0.0,0.0,0.0,0.0,0.0,0.0,0.0,0.0,0.0,0.0,0.0,0.07,0.0,0.07,0.07,0.07,0.43,0.14,41.4,34.0,41.2,0.21,0.0,0.0,41.4,0.0,0.0,0.0,0.0,0.0,23.9,113.6,75.8,0.0,0.0,0.0,0.0,0.0,20.2,0.0,0.07,0.0,0.0,0.0,0.07,0.0,0.0,0.0,0.0,0.0,0.0,1.43,0.21,0.0,100.0,0.0,112.77999999999997,Bom
3,122,123,Kepa Arrizabalaga,ESP,GK,Chelsea,Premier League,28,1994,14,14,1215,13.5,0,0.0,0.0,0.0,0.0,0.0,0.0,0.0,0.0,0.0,32.1,37.5,85.6,677.3,394.8,12.7,12.9,98.9,12.5,12.6,99.4,6.67,11.9,56.3,0.0,0.0,0.37,0.0,0.0,0.0,37.5,28.3,9.19,2.15,0.0,0.07,0.0,0.0,0.0,0.0,0.0,0.0,32.1,0.0,0.0,0.07,0.07,0.0,0.0,0.0,0.0,0.0,0.0,0.0,0.0,0.0,0.0,0.0,0.0,0.15,0.15,0.15,0.0,0.0,0.15,0.22,66.7,0.07,0.0,0.0,0.0,0.0,0.15,0.59,0.0,40.4,31.6,39.9,0.44,0.0,0.0,40.4,0.0,0.0,0.0,0.0,0.0,23.6,112.1,67.7,0.0,0.0,0.0,0.07,0.0,21.5,0.0,0.0,0.0,0.0,0.0,0.3,0.0,0.0,0.15,0.0,0.0,0.0,1.63,0.37,0.07,83.3,0.0,112.13,Bom
152,2410,2411,Marc-Andr� ter Stegen,GER,GK,Barcelona,La Liga,30,1992,20,20,1800,20.0,0,0.0,0.0,0.0,0.0,0.0,0.0,0.0,0.0,0.0,32.0,37.8,84.8,791.0,539.9,6.3,6.4,98.4,16.6,17.0,97.9,8.9,14.2,62.7,0.0,0.05,0.3,0.0,0.0,0.05,37.8,31.3,6.5,1.6,0.0,0.05,0.0,0.0,0.0,0.0,0.0,0.0,32.0,0.0,0.0,0.2,0.2,0.0,0.0,0.0,0.0,0.0,0.05,0.05,0.0,0.0,0.0,0.0,0.0,0.0,0.0,0.0,0.0,0.0,0.0,0.0,0.0,0.0,0.0,0.0,0.0,0.05,0.05,0.2,0.1,39.1,29.1,38.6,0.45,0.0,0.0,39.1,0.0,0.0,0.0,0.0,0.0,25.6,122.6,84.3,0.0,0.0,0.0,0.05,0.05,24.6,0.0,0.0,0.0,0.0,0.0,0.0,0.0,0.0,0.0,0.0,0.0,0.0,1.8,0.2,0.0,100.0,0.0,111.95000000000002,Bom
26,532,533,Andrea Consigli,ITA,GK,Sassuolo,Serie A,36,1987,19,19,1710,19.0,0,0.0,0.0,0.0,0.0,0.0,0.0,0.0,0.0,0.0,35.6,45.2,78.7,1025.6,644.6,5.63,5.63,100.0,14.4,14.6,98.9,15.4,24.8,62.1,0.0,0.0,0.58,0.0,0.0,0.05,45.2,32.7,12.4,3.37,0.0,0.11,0.0,0.0,0.0,0.0,0.0,0.0,35.6,0.05,0.0,0.32,0.26,0.05,0.0,0.0,0.0,0.0,0.0,0.0,0.0,0.0,0.0,0.0,0.0,0.05,0.0,0.05,0.0,0.0,0.0,0.0,0.0,0.0,0.0,0.0,0.0,0.0,0.05,0.47,0.0,47.1,36.6,46.5,0.47,0.05,0.0,47.1,0.0,0.0,0.0,0.0,0.0,26.8,134.0,84.4,0.0,0.0,0.0,0.05,0.0,24.1,0.0,0.0,0.0,0.0,0.0,0.05,0.0,0.0,0.0,0.0,0.0,0.0,1.16,0.32,0.0,100.0,0.0,109.96999999999998,Bom
95,1735,1736,Florian M�ller,GER,GK,Stuttgart,Bundesliga,25,1997,19,19,1710,19.0,0,0.0,0.0,0.0,0.0,0.0,0.0,0.0,0.0,0.0,31.4,38.6,81.4,813.3,563.7,6.84,6.89,99.2,15.7,16.0,98.4,8.63,15.4,56.2,0.0,0.11,0.37,0.05,0.0,0.11,38.6,30.3,8.26,1.21,0.0,0.05,0.0,0.05,0.0,0.0,0.0,0.0,31.4,0.05,0.05,0.21,0.16,0.05,0.0,0.0,0.0,0.0,0.0,0.0,0.0,0.0,0.0,0.0,0.0,0.0,0.0,0.0,0.0,0.0,0.0,0.0,0.0,0.0,0.0,0.0,0.0,0.0,0.0,0.37,0.21,40.8,33.1,40.1,0.84,0.0,0.0,40.8,0.0,0.0,0.0,0.0,0.0,23.5,117.7,67.3,0.0,0.0,0.0,0.0,0.0,22.1,0.0,0.0,0.0,0.0,0.0,0.11,0.0,0.0,0.0,0.0,0.0,0.0,2.05,0.16,0.0,100.0,0.0,109.26999999999998,Bom
117,2009,2010,Ivan Provedel,ITA,GK,Lazio,Serie A,28,1994,22,21,1973,21.9,0,0.0,0.0,0.0,0.0,0.0,0.0,0.0,0.0,0.0,29.4,37.1,79.3,815.7,590.0,5.89,5.89,100.0,11.2,11.6,96.5,12.1,19.2,63.2,0.0,0.05,0.59,0.0,0.0,0.0,37.1,28.7,8.22,2.6,0.0,0.32,0.0,0.0,0.0,0.0,0.0,0.0,29.4,0.18,0.0,0.27,0.27,0.0,0.0,0.0,0.0,0.0,0.0,0.0,0.0,0.0,0.0,0.0,0.0,0.05,0.0,0.05,0.0,0.0,0.0,0.0,0.0,0.0,0.0,0.0,0.0,0.0,0.05,0.59,0.0,39.4,33.7,39.3,0.23,0.0,0.0,39.4,0.05,0.05,100.0,0.0,0.0,24.1,127.9,78.1,0.0,0.0,0.0,0.0,0.0,21.0,0.0,0.0,0.0,0.0,0.0,0.05,0.0,0.0,0.0,0.0,0.0,0.0,1.78,0.09,0.0,100.0,0.0,109.17000000000002,Bom
17,346,347,Fabian Bredlow,GER,GK,Stuttgart,Bundesliga,27,1995,1,1,90,1.0,0,0.0,0.0,0.0,0.0,0.0,0.0,0.0,0.0,0.0,37.0,41.0,90.2,827.0,477.0,8.0,8.0,100.0,20.0,20.0,100.0,9.0,13.0,69.2,0.0,0.0,0.0,0.0,0.0,0.0,41.0,34.0,7.0,2.0,0.0,0.0,0.0,0.0,0.0,0.0,0.0,0.0,37.0,0.0,0.0,0.0,0.0,0.0,0.0,0.0,0.0,0.0,0.0,0.0,0.0,0.0,0.0,0.0,0.0,0.0,0.0,0.0,0.0,0.0,0.0,0.0,0.0,0.0,0.0,0.0,0.0,0.0,0.0,0.0,0.0,44.0,29.0,44.0,0.0,0.0,0.0,44.0,0.0,0.0,0.0,0.0,0.0,27.0,118.0,69.0,0.0,0.0,0.0,0.0,0.0,24.0,0.0,0.0,0.0,0.0,0.0,0.0,0.0,0.0,0.0,0.0,0.0,0.0,2.0,0.0,0.0,0.0,0.0,109.0,Bom
41,815,816,Ralf F�hrmann,GER,GK,Schalke 04,Bundesliga,34,1988,3,3,270,3.0,0,0.0,0.0,0.0,0.0,0.0,0.0,0.0,0.0,0.0,35.7,43.7,81.7,1087.3,828.7,4.0,4.0,100.0,18.0,18.0,100.0,13.7,21.7,63.1,0.0,0.0,0.67,0.0,0.0,0.0,43.7,33.0,10.7,4.33,0.0,0.0,0.0,0.0,0.0,0.0,0.0,0.0,35.7,0.0,0.0,1.0,0.0,1.0,0.0,0.0,0.0,0.0,0.0,0.0,0.0,0.0,0.0,0.0,0.0,0.0,0.0,0.0,0.0,0.0,0.0,0.0,0.0,0.0,0.0,0.0,0.0,0.0,0.0,0.33,0.0,45.7,37.7,44.7,1.0,0.0,0.0,45.7,0.0,0.0,0.0,0.0,0.0,27.3,98.0,60.7,0.0,0.0,0.0,0.0,0.0,27.3,0.0,0.0,0.0,0.0,0.0,0.0,0.0,0.0,0.0,0.0,0.0,0.0,1.0,0.33,0.0,100.0,0.0,107.06,Bom
28,559,560,Thibaut Courtois,BEL,GK,Real Madrid,La Liga,30,1992,15,15,1350,15.0,0,0.0,0.0,0.0,0.0,0.0,0.0,0.0,0.0,0.0,29.6,35.4,83.6,716.3,467.9,6.87,6.93,99.0,16.5,16.7,98.8,6.07,11.5,52.9,0.0,0.07,0.13,0.0,0.0,0.0,35.4,29.1,6.13,1.53,0.0,0.2,0.0,0.0,0.0,0.0,0.0,0.0,29.6,0.13,0.0,0.2,0.07,0.13,0.0,0.0,0.0,0.0,0.0,0.0,0.0,0.0,0.0,0.0,0.0,0.07,0.0,0.07,0.0,0.0,0.07,0.07,100.0,0.0,0.0,0.0,0.0,0.0,0.07,0.2,0.07,37.3,31.4,37.2,0.13,0.0,0.0,37.3,0.0,0.0,0.0,0.0,0.0,25.1,124.9,79.7,0.0,0.0,0.0,0.07,0.0,21.9,0.0,0.0,0.0,0.0,0.0,0.13,0.0,0.0,0.0,0.0,0.0,0.0,1.67,0.2,0.0,100.0,0.0,106.98000000000003,Bom
66,1302,1303,Gregor Kobel,SUI,GK,Dortmund,Bundesliga,25,1997,16,16,1440,16.0,0,0.0,0.0,0.0,0.0,0.0,0.0,0.0,0.0,0.0,32.5,39.6,82.0,821.3,502.0,6.06,6.06,100.0,17.3,17.4,98.9,9.0,15.8,56.9,0.0,0.0,0.38,0.0,0.0,0.0,39.6,30.7,8.81,1.94,0.0,0.06,0.0,0.0,0.0,0.0,0.0,0.0,32.5,0.13,0.0,0.13,0.13,0.0,0.0,0.0,0.0,0.0,0.0,0.0,0.0,0.0,0.0,0.0,0.0,0.0,0.0,0.0,0.0,0.0,0.0,0.0,0.0,0.0,0.0,0.0,0.0,0.0,0.0,0.31,0.06,42.1,31.7,41.8,0.38,0.0,0.0,42.1,0.0,0.0,0.0,0.0,0.0,25.7,112.4,52.5,0.0,0.0,0.0,0.06,0.0,23.6,0.0,0.0,0.0,0.0,0.0,0.13,0.0,0.0,0.0,0.0,0.0,0.0,1.44,0.19,0.0,100.0,0.0,106.59999999999997,Bom
22,455,456,Koen Casteels,BEL,GK,Wolfsburg,Bundesliga,30,1992,20,20,1800,20.0,0,0.0,0.0,0.0,0.0,0.0,0.0,0.0,0.0,0.0,35.9,45.9,78.2,1095.0,760.6,5.05,5.05,100.0,15.1,15.2,99.0,15.7,25.5,61.6,0.05,0.0,1.1,0.0,0.0,0.05,45.9,33.5,12.3,3.6,0.0,0.45,0.0,0.0,0.0,0.0,0.0,0.0,35.9,0.05,0.0,0.2,0.15,0.05,0.0,0.0,0.0,0.0,0.1,0.1,0.0,0.0,0.0,0.0,0.0,0.0,0.0,0.0,0.0,0.0,0.0,0.0,0.0,0.0,0.0,0.0,0.0,0.05,0.05,0.25,0.0,48.0,34.5,47.5,0.45,0.0,0.0,48.0,0.0,0.0,0.0,0.0,0.0,28.7,138.7,79.3,0.0,0.05,0.05,0.0,0.0,24.0,0.0,0.0,0.0,0.0,0.0,0.05,0.0,0.0,0.0,0.0,0.0,0.0,1.75,0.05,0.0,100.0,0.0,106.4,Bom
63,1185,1186,Jan Jakob Olschowsky,GER,GK,M'Gladbach,Bundesliga,21,2001,2,2,180,2.0,0,0.0,0.0,0.0,0.0,0.0,0.0,0.0,0.0,0.0,35.0,45.5,76.9,868.5,552.5,6.5,6.5,100.0,20.5,20.5,100.0,8.0,18.5,43.2,0.0,0.0,1.0,0.0,0.0,0.0,45.5,35.5,10.0,3.5,0.0,0.0,0.0,0.0,0.0,0.0,0.0,0.0,35.0,0.0,0.0,0.0,0.0,0.0,0.0,0.0,0.0,0.0,0.0,0.0,0.0,0.0,0.0,0.0,0.0,0.0,0.0,0.0,0.0,0.0,0.0,0.5,0.0,0.5,0.0,0.0,0.0,0.0,0.0,0.5,0.0,50.0,40.5,50.0,0.0,0.0,0.0,50.0,0.0,0.0,0.0,0.0,0.0,23.0,149.5,80.0,0.0,0.0,0.0,0.0,0.0,24.0,0.0,0.0,0.0,0.0,0.0,0.0,0.0,0.0,0.0,0.0,0.0,0.0,3.5,0.0,0.0,0.0,0.0,104.5,Bom
57,1041,1042,P�ter Gul�csi,HUN,GK,RB Leipzig,Bundesliga,32,1990,6,6,540,6.0,0,0.0,0.0,0.0,0.0,0.0,0.0,0.0,0.0,0.0,31.5,35.8,87.9,709.5,380.8,7.33,7.33,100.0,18.7,18.7,100.0,5.5,9.83,55.9,0.0,0.0,0.5,0.0,0.0,0.0,35.8,28.8,7.0,1.0,0.0,0.0,0.0,0.0,0.0,0.0,0.0,0.0,31.5,0.0,0.0,0.17,0.17,0.0,0.0,0.0,0.0,0.0,0.0,0.0,0.0,0.0,0.0,0.0,0.0,0.0,0.0,0.0,0.0,0.0,0.0,0.0,0.0,0.0,0.0,0.0,0.0,0.0,0.0,0.33,0.0,37.5,30.0,37.5,0.0,0.0,0.0,37.5,0.0,0.0,0.0,0.0,0.0,23.7,104.2,50.5,0.0,0.0,0.0,0.0,0.0,19.8,0.0,0.0,0.0,0.0,0.0,0.0,0.0,0.0,0.0,0.0,0.0,0.0,2.0,0.0,0.0,0.0,0.0,103.50000000000003,Bom
107,1840,1841,Jonas Omlin,SUI,GK,M'Gladbach,Bundesliga,29,1994,4,4,360,4.0,0,0.0,0.0,0.0,0.0,0.0,0.0,0.0,0.0,0.0,41.3,52.0,79.3,1029.8,680.8,10.8,10.8,100.0,20.3,21.0,96.4,10.3,20.3,50.6,0.0,0.25,0.25,0.0,0.0,0.0,52.0,41.0,11.0,3.25,0.0,0.25,0.0,0.0,0.0,0.0,0.0,0.0,41.3,0.0,0.0,0.25,0.25,0.0,0.0,0.0,0.0,0.0,0.0,0.0,0.0,0.0,0.0,0.0,0.0,0.0,0.0,0.0,0.0,0.0,0.0,0.25,0.0,0.25,0.25,0.0,0.25,0.0,0.0,0.5,0.0,54.0,37.3,53.5,0.5,0.0,0.0,54.0,0.0,0.0,0.0,0.0,0.0,31.5,140.0,93.3,0.0,0.0,0.0,0.0,0.0,30.8,0.0,0.0,0.0,0.0,0.0,0.0,0.0,0.0,0.0,0.0,0.0,0.0,1.25,0.0,0.0,0.0,0.0,103.44999999999996,Bom
108,1843,1844,Andr� Onana,CMR,GK,Inter,Serie A,26,1996,13,13,1170,13.0,0,0.0,0.0,0.0,0.0,0.0,0.0,0.0,0.0,0.0,31.8,40.4,78.9,799.6,544.8,8.31,8.31,100.0,14.3,14.8,96.9,9.0,17.0,52.9,0.0,0.08,0.46,0.0,0.0,0.15,40.4,32.3,8.0,0.92,0.0,0.31,0.0,0.0,0.0,0.0,0.0,0.0,31.8,0.08,0.0,0.23,0.15,0.08,0.0,0.0,0.0,0.0,0.0,0.0,0.0,0.0,0.0,0.0,0.0,0.0,0.0,0.0,0.0,0.0,0.0,0.0,0.0,0.0,0.0,0.0,0.0,0.0,0.0,0.15,0.0,42.0,36.1,41.2,0.77,0.0,0.0,42.0,0.0,0.0,0.0,0.0,0.0,27.6,130.5,82.2,0.0,0.0,0.0,0.0,0.0,24.4,0.0,0.08,0.0,0.0,0.0,0.0,0.0,0.0,0.0,0.0,0.0,0.0,0.92,0.0,0.0,0.0,0.0,102.60000000000002,Bom
136,2237,2238,Marvin Schw�be,GER,GK,K�ln,Bundesliga,27,1995,19,19,1710,19.0,0,0.0,0.0,0.0,0.0,0.0,0.0,0.0,0.0,0.0,33.0,41.4,79.7,854.1,537.8,4.89,4.95,98.9,20.2,20.5,98.7,7.89,15.9,49.7,0.0,0.0,0.47,0.05,0.0,0.0,41.4,33.5,7.84,2.32,0.0,0.05,0.0,0.0,0.0,0.0,0.0,0.0,33.0,0.05,0.0,0.16,0.16,0.0,0.0,0.0,0.0,0.0,0.05,0.05,0.0,0.0,0.0,0.0,0.0,0.0,0.0,0.0,0.0,0.0,0.0,0.0,0.0,0.0,0.0,0.0,0.0,0.11,0.11,0.21,0.05,43.3,30.8,42.7,0.68,0.0,0.0,43.3,0.0,0.0,0.0,0.0,0.0,27.5,132.5,82.6,0.0,0.05,0.05,0.05,0.0,26.2,0.0,0.0,0.0,0.0,0.0,0.05,0.0,0.0,0.0,0.0,0.0,0.0,0.95,0.21,0.0,100.0,0.0,102.58,Bom
19,438,439,Juan Carlos,ESP,GK,Girona,La Liga,35,1988,10,10,900,10.0,0,0.0,0.0,0.0,0.0,0.0,0.0,0.0,0.0,0.0,28.8,34.0,84.7,716.0,463.5,5.2,5.3,98.1,17.0,17.6,96.6,6.6,11.1,59.5,0.0,0.0,0.1,0.0,0.0,0.0,34.0,26.5,7.5,1.3,0.0,0.0,0.0,0.0,0.0,0.0,0.0,0.0,28.8,0.0,0.0,0.1,0.1,0.0,0.0,0.0,0.0,0.0,0.0,0.0,0.0,0.0,0.0,0.0,0.0,0.0,0.0,0.0,0.0,0.0,0.0,0.0,0.0,0.0,0.0,0.0,0.0,0.1,0.1,0.7,0.1,35.6,32.4,35.5,0.1,0.0,0.0,35.6,0.0,0.0,0.0,0.0,0.0,21.2,90.3,47.6,0.0,0.0,0.0,0.0,0.0,18.8,0.0,0.0,0.0,0.0,0.0,0.0,0.0,0.0,0.0,0.0,0.0,0.0,1.6,0.1,0.0,100.0,0.0,102.10000000000002,Bom
157,2539,2540,Guglielmo Vicario,ITA,GK,Empoli,Serie A,26,1996,22,22,1980,22.0,0,0.0,0.0,0.0,0.0,0.0,0.0,0.0,0.0,0.0,31.1,41.9,74.3,835.6,579.9,5.45,5.5,99.2,16.1,16.5,97.8,9.45,19.8,47.8,0.0,0.0,0.73,0.0,0.0,0.0,41.9,33.1,8.68,3.5,0.0,0.0,0.0,0.0,0.0,0.0,0.0,0.0,31.1,0.05,0.0,0.27,0.27,0.0,0.0,0.0,0.0,0.0,0.0,0.0,0.0,0.0,0.0,0.0,0.0,0.0,0.0,0.0,0.0,0.0,0.0,0.05,0.0,0.05,0.0,0.0,0.0,0.0,0.0,0.45,0.09,44.6,36.5,44.5,0.05,0.0,0.0,44.6,0.0,0.0,0.0,0.0,0.0,27.5,136.9,89.0,0.0,0.0,0.0,0.0,0.0,24.5,0.0,0.14,0.0,0.0,0.0,0.23,0.0,0.0,0.0,0.0,0.0,0.0,0.86,0.27,0.09,75.0,0.0,100.79,Mediano
125,2059,2060,Pepe Reina,ESP,GK,Villarreal,La Liga,40,1982,5,5,450,5.0,0,0.0,0.0,0.0,0.0,0.0,0.0,0.0,0.0,0.0,32.6,37.4,87.2,727.8,456.8,7.0,7.2,97.2,20.2,20.4,99.0,5.4,9.8,55.1,0.0,0.0,0.0,0.0,0.0,0.0,37.4,30.6,6.8,2.2,0.0,0.2,0.0,0.0,0.0,0.0,0.0,0.0,32.6,0.0,0.0,0.0,0.0,0.0,0.0,0.0,0.0,0.0,0.0,0.0,0.0,0.0,0.0,0.0,0.0,0.0,0.0,0.0,0.0,0.0,0.0,0.0,0.0,0.0,0.0,0.0,0.0,0.2,0.2,0.0,0.2,40.0,30.4,39.2,0.8,0.0,0.0,40.0,0.0,0.0,0.0,0.0,0.0,24.0,131.2,90.4,0.0,0.0,0.0,0.0,0.0,21.8,0.0,0.2,0.0,0.0,0.0,0.0,0.0,0.0,0.0,0.0,0.0,0.0,1.2,0.0,0.0,0.0,0.0,100.19999999999999,Mediano
90,1644,1645,Alex Meret,ITA,GK,Napoli,Serie A,25,1997,21,21,1890,21.0,0,0.0,0.0,0.0,0.0,0.0,0.0,0.0,0.0,0.0,24.6,28.4,86.6,570.0,346.0,5.76,5.76,100.0,12.6,12.8,98.9,6.05,9.71,62.3,0.0,0.0,0.05,0.0,0.0,0.0,28.4,20.9,7.52,1.43,0.0,0.0,0.0,0.0,0.0,0.0,0.0,0.0,24.6,0.0,0.0,0.05,0.05,0.0,0.0,0.0,0.0,0.0,0.0,0.0,0.0,0.0,0.0,0.0,0.0,0.0,0.0,0.0,0.0,0.0,0.0,0.0,0.0,0.0,0.0,0.0,0.0,0.0,0.0,0.24,0.05,29.9,26.0,29.8,0.05,0.0,0.0,29.9,0.0,0.0,0.0,0.0,0.0,16.2,68.7,37.2,0.0,0.0,0.0,0.0,0.0,14.5,0.0,0.0,0.0,0.0,0.0,0.0,0.0,0.0,0.0,0.0,0.0,0.0,1.9,0.1,0.0,100.0,0.0,100.00000000000003,Mediano
72,1417,1418,Bernd Leno,GER,GK,Fulham,Premier League,30,1992,21,21,1890,21.0,0,0.0,0.0,0.0,0.0,0.0,0.0,0.0,0.0,0.0,29.1,37.0,78.6,725.6,456.0,7.19,7.19,100.0,15.2,15.3,99.4,6.71,14.4,46.5,0.0,0.05,0.38,0.0,0.0,0.0,37.0,26.6,10.3,3.29,0.0,0.1,0.0,0.0,0.0,0.0,0.0,0.0,29.1,0.1,0.0,0.1,0.1,0.0,0.0,0.0,0.0,0.0,0.0,0.0,0.0,0.0,0.0,0.0,0.0,0.0,0.0,0.0,0.0,0.0,0.0,0.1,0.0,0.1,0.0,0.0,0.0,0.0,0.0,0.48,0.0,39.7,31.0,39.4,0.29,0.0,0.0,39.7,0.0,0.0,0.0,0.0,0.0,21.7,108.5,62.6,0.0,0.0,0.0,0.0,0.0,18.6,0.0,0.1,0.0,0.0,0.0,0.05,0.0,0.0,0.0,0.0,0.0,0.0,1.38,0.38,0.0,100.0,0.0,98.60000000000002,Mediano
112,1923,1924,Gianluca Pegolo,ITA,GK,Sassuolo,Serie A,41,1981,2,2,180,2.0,0,0.0,0.0,0.0,0.0,0.0,0.0,0.0,0.0,0.0,32.0,38.5,83.1,826.0,529.0,6.5,6.5,100.0,15.5,16.0,96.9,9.5,15.5,61.3,0.0,0.0,0.0,0.0,0.0,0.0,38.5,28.0,10.5,2.5,0.0,0.0,0.0,0.0,0.0,0.0,0.0,0.0,32.0,0.0,0.0,0.0,0.0,0.0,0.0,0.0,0.0,0.0,0.0,0.0,0.0,0.0,0.0,0.0,0.0,0.0,0.0,0.0,0.0,0.0,0.0,0.5,0.0,0.5,0.0,0.0,0.0,0.0,0.0,0.5,0.0,40.5,35.5,40.5,0.0,0.0,0.0,40.5,0.0,0.0,0.0,0.0,0.0,23.0,99.0,61.0,0.0,0.0,0.0,0.0,0.0,21.5,0.0,0.0,0.0,0.0,0.0,0.5,0.0,0.0,0.0,0.0,0.0,0.0,0.5,0.0,0.0,0.0,0.0,97.5,Mediano
31,659,660,Michele Di Gregorio,ITA,GK,Monza,Serie A,25,1997,21,21,1890,21.0,0,0.0,0.0,0.0,0.0,0.0,0.0,0.0,0.0,0.0,30.0,39.6,75.9,776.1,516.0,7.43,7.43,100.0,12.9,13.1,98.2,9.62,18.9,50.9,0.0,0.0,0.48,0.0,0.0,0.0,39.6,30.9,8.71,2.81,0.0,0.24,0.0,0.0,0.0,0.0,0.0,0.0,30.0,0.0,0.0,0.05,0.05,0.0,0.0,0.0,0.0,0.0,0.0,0.0,0.0,0.0,0.0,0.0,0.0,0.0,0.0,0.0,0.0,0.0,0.0,0.0,0.0,0.0,0.0,0.0,0.0,0.14,0.14,0.38,0.05,41.8,34.0,41.6,0.19,0.0,0.0,41.8,0.1,0.1,100.0,0.0,0.0,25.2,140.9,96.2,0.0,0.0,0.0,0.0,0.0,22.0,0.0,0.0,0.0,0.0,0.0,0.0,0.0,0.0,0.0,0.0,0.0,0.0,0.86,0.1,0.05,66.7,0.0,97.36999999999999,Mediano
53,965,966,Pierluigi Gollini,ITA,GK,Fiorentina,Serie A,27,1995,3,3,270,3.0,0,0.0,0.0,0.0,0.0,0.0,0.0,0.0,0.0,0.0,32.0,42.0,76.2,874.0,591.3,6.0,6.0,100.0,14.0,14.0,100.0,12.0,22.0,54.5,0.0,0.0,0.33,0.0,0.0,0.0,42.0,37.0,5.0,1.33,0.0,0.0,0.0,0.0,0.0,0.0,0.0,0.0,32.0,0.0,0.0,0.0,0.0,0.0,0.0,0.0,0.0,0.0,0.0,0.0,0.0,0.0,0.0,0.0,0.0,0.33,0.0,0.33,0.0,0.0,0.33,0.33,100.0,0.0,0.0,0.0,0.0,0.0,0.33,0.67,0.0,43.7,38.7,43.7,0.0,0.0,0.0,43.7,0.0,0.0,0.0,0.0,0.0,34.7,141.0,72.3,0.0,0.0,0.0,0.0,0.0,30.3,0.0,0.0,0.0,0.0,0.0,0.0,0.0,0.0,0.0,0.0,0.0,0.0,0.67,0.0,0.0,0.0,0.0,96.74000000000001,Mediano
79,1484,1485,Andriy Lunin,UKR,GK,Real Madrid,La Liga,24,1999,5,5,450,5.0,0,0.0,0.0,0.0,0.0,0.0,0.0,0.0,0.0,0.0,28.6,31.6,90.5,687.8,467.8,6.0,6.0,100.0,16.2,16.6,97.6,6.4,8.8,72.7,0.0,0.0,0.0,0.0,0.0,0.0,31.6,26.0,5.6,0.6,0.0,0.2,0.0,0.0,0.0,0.0,0.0,0.0,28.6,0.0,0.2,0.0,0.0,0.0,0.0,0.0,0.0,0.0,0.0,0.0,0.0,0.0,0.0,0.0,0.0,0.0,0.0,0.0,0.0,0.0,0.0,0.0,0.0,0.0,0.0,0.0,0.0,0.0,0.0,0.0,0.0,32.8,26.0,32.6,0.2,0.0,0.0,32.8,0.0,0.0,0.0,0.0,0.0,21.0,95.4,39.2,0.0,0.0,0.0,0.0,0.0,19.4,0.0,0.0,0.0,0.0,0.0,0.0,0.0,0.0,0.0,0.0,0.0,0.0,1.8,0.0,0.0,0.0,0.0,96.6,Mediano
36,724,725,Gianluigi Donnarumma,ITA,GK,Paris S-G,Ligue 1,23,1999,23,23,2070,23.0,0,0.0,0.0,0.0,0.0,0.0,0.0,0.0,0.0,0.0,22.5,25.9,87.1,450.1,292.9,7.0,7.04,99.4,11.7,12.0,97.5,3.26,6.26,52.1,0.0,0.0,0.0,0.0,0.0,0.0,25.9,19.4,6.43,1.22,0.0,0.04,0.0,0.0,0.0,0.0,0.0,0.0,22.5,0.0,0.0,0.04,0.04,0.0,0.0,0.0,0.0,0.0,0.0,0.0,0.0,0.0,0.0,0.0,0.0,0.0,0.0,0.0,0.0,0.0,0.0,0.04,0.0,0.04,0.0,0.0,0.0,0.0,0.0,0.3,0.04,27.6,24.6,27.4,0.26,0.0,0.0,27.6,0.0,0.0,0.0,0.0,0.0,19.5,89.0,54.3,0.0,0.04,0.0,0.0,0.0,12.8,0.0,0.09,0.0,0.0,0.0,0.04,0.0,0.0,0.0,0.0,0.0,0.0,1.48,0.22,0.04,83.3,0.0,96.30000000000001,Mediano
144,2294,2295,?ukasz Skorupski,POL,GK,Bologna,Serie A,31,1991,21,21,1890,21.0,0,0.0,0.0,0.0,0.0,0.0,0.0,0.0,0.0,0.0,26.4,34.2,77.1,706.6,494.6,4.9,4.95,99.0,11.6,11.8,98.4,8.62,16.1,53.6,0.0,0.0,0.0,0.0,0.0,0.0,34.2,24.0,10.1,2.86,0.0,0.14,0.0,0.0,0.0,0.0,0.0,0.0,26.4,0.14,0.0,0.1,0.0,0.1,0.0,0.0,0.0,0.0,0.0,0.0,0.0,0.0,0.0,0.0,0.0,0.05,0.05,0.05,0.0,0.0,0.05,0.05,100.0,0.0,0.0,0.0,0.0,0.0,0.05,0.62,0.05,36.8,33.0,36.6,0.19,0.0,0.0,36.8,0.0,0.0,0.0,0.0,0.0,19.3,99.3,67.7,0.0,0.0,0.0,0.05,0.0,15.6,0.0,0.14,0.0,0.0,0.0,0.24,0.0,0.0,0.05,0.0,0.0,0.0,1.14,0.19,0.0,100.0,0.0,95.66999999999997,Mediano
151,2401,2402,Ciprian T?t?ru?anu,ROU,GK,Milan,Serie A,37,1986,15,15,1350,15.0,0,0.0,0.0,0.0,0.0,0.0,0.0,0.0,0.0,0.0,27.3,34.9,78.2,800.0,572.5,3.6,3.6,100.0,12.7,13.0,97.4,10.9,17.9,61.0,0.07,0.13,0.6,0.0,0.0,0.0,34.9,28.1,6.6,1.67,0.0,0.13,0.0,0.0,0.0,0.0,0.0,0.0,27.3,0.27,0.0,0.47,0.33,0.13,0.0,0.0,0.0,0.0,0.13,0.13,0.0,0.0,0.0,0.0,0.0,0.0,0.0,0.0,0.0,0.0,0.0,0.0,0.0,0.0,0.0,0.0,0.0,0.07,0.07,0.13,0.0,36.5,31.6,36.5,0.0,0.0,0.0,36.5,0.0,0.0,0.0,0.0,0.0,23.0,124.6,81.5,0.0,0.0,0.0,0.0,0.0,20.3,0.0,0.0,0.0,0.0,0.0,0.2,0.0,0.0,0.0,0.0,0.0,0.0,1.33,0.07,0.07,50.0,0.0,93.25,Mediano
134,2195,2196,Robert S�nchez,ESP,GK,Brighton,Premier League,25,1997,21,21,1890,21.0,0,0.0,0.0,0.0,0.0,0.0,0.0,0.0,0.0,0.0,26.0,34.3,75.6,601.0,390.3,8.0,8.05,99.4,12.7,13.1,96.7,4.95,12.5,39.7,0.0,0.0,0.52,0.0,0.0,0.0,34.3,26.6,7.52,1.62,0.0,0.19,0.0,0.0,0.0,0.0,0.0,0.0,26.0,0.24,0.14,0.05,0.05,0.0,0.0,0.0,0.0,0.0,0.0,0.0,0.0,0.0,0.0,0.0,0.0,0.05,0.0,0.05,0.0,0.0,0.0,0.0,0.0,0.0,0.0,0.0,0.0,0.14,0.19,0.38,0.1,36.4,30.5,36.2,0.19,0.0,0.0,36.4,0.0,0.0,0.0,0.0,0.0,22.9,104.8,64.7,0.0,0.0,0.0,0.0,0.0,20.9,0.0,0.05,0.0,0.0,0.05,0.0,0.0,0.0,0.0,0.0,0.05,0.0,1.19,0.29,0.0,100.0,0.0,92.44,Mediano
80,1485,1486,Andrey Lunyov,RUS,GK,Leverkusen,Bundesliga,31,1991,1,1,90,1.0,0,0.0,0.0,0.0,0.0,0.0,0.0,0.0,0.0,0.0,35.0,44.0,79.5,880.0,696.0,9.0,9.0,100.0,17.0,19.0,89.5,9.0,16.0,56.3,0.0,0.0,1.0,0.0,0.0,0.0,44.0,39.0,5.0,2.0,0.0,0.0,0.0,0.0,0.0,0.0,0.0,0.0,35.0,0.0,0.0,0.0,0.0,0.0,0.0,0.0,0.0,0.0,0.0,0.0,0.0,0.0,0.0,0.0,0.0,0.0,0.0,0.0,0.0,0.0,0.0,0.0,0.0,0.0,0.0,0.0,0.0,0.0,0.0,0.0,0.0,45.0,34.0,44.0,1.0,0.0,0.0,45.0,0.0,0.0,0.0,0.0,0.0,35.0,177.0,134.0,0.0,0.0,0.0,0.0,0.0,29.0,0.0,0.0,0.0,0.0,0.0,0.0,0.0,0.0,0.0,0.0,0.0,0.0,1.0,0.0,0.0,0.0,0.0,92.0,Mediano
128,2084,2085,R�my Riou,FRA,GK,Lyon,Ligue 1,35,1987,4,3,331,3.7,0,0.0,0.0,0.0,0.0,0.0,0.0,0.0,0.0,0.0,28.4,33.5,84.7,648.1,521.6,5.95,6.22,95.7,16.5,17.0,96.8,5.68,10.0,56.8,0.0,0.0,0.0,0.0,0.0,0.27,33.5,24.9,8.65,2.16,0.0,0.0,0.0,0.0,0.0,0.0,0.0,0.0,28.4,0.0,0.0,0.27,0.27,0.0,0.0,0.0,0.0,0.0,0.0,0.0,0.0,0.0,0.0,0.0,0.0,0.27,0.0,0.27,0.0,0.0,0.27,0.27,100.0,0.0,0.0,0.0,0.0,0.0,0.27,0.54,0.0,35.9,29.2,35.7,0.27,0.0,0.0,35.9,0.0,0.0,0.0,0.0,0.0,24.9,97.0,54.9,0.0,0.0,0.0,0.0,0.0,17.0,0.0,0.0,0.0,0.0,0.0,0.0,0.0,0.0,0.0,0.0,0.0,0.0,2.16,0.0,0.0,0.0,0.0,91.44999999999999,Mediano
75,1446,1447,Hugo Lloris,FRA,GK,Tottenham,Premier League,36,1986,21,21,1890,21.0,0,0.0,0.0,0.0,0.0,0.0,0.0,0.0,0.0,0.0,23.5,29.8,78.9,566.0,353.0,7.19,7.29,98.7,10.0,10.1,99.5,6.24,12.2,51.2,0.0,0.0,0.57,0.0,0.0,0.0,29.8,21.1,8.52,0.76,0.0,0.0,0.0,0.0,0.0,0.0,0.0,0.0,23.5,0.14,0.05,0.24,0.24,0.0,0.0,0.0,0.0,0.0,0.0,0.0,0.0,0.0,0.0,0.0,0.0,0.05,0.05,0.05,0.0,0.0,0.05,0.1,50.0,0.05,0.0,0.0,0.0,0.05,0.1,0.52,0.19,32.5,29.7,32.4,0.05,0.0,0.0,32.5,0.0,0.0,0.0,0.0,0.0,17.8,100.4,61.7,0.0,0.0,0.0,0.1,0.0,14.4,0.0,0.0,0.0,0.0,0.0,0.1,0.0,0.0,0.05,0.0,0.0,0.05,1.29,0.29,0.14,66.7,0.0,91.44999999999999,Mediano
46,860,861,Mark Flekken,NED,GK,Freiburg,Bundesliga,29,1993,20,20,1800,20.0,0,0.0,0.0,0.0,0.0,0.0,0.0,0.0,0.0,0.0,30.1,41.3,73.0,987.1,735.9,2.9,2.95,98.3,14.2,14.4,98.6,12.9,23.6,54.9,0.0,0.1,1.75,0.15,0.0,0.0,41.3,32.0,9.0,2.55,0.0,0.5,0.0,0.0,0.0,0.0,0.0,0.0,30.1,0.2,0.05,0.25,0.15,0.1,0.0,0.0,0.0,0.0,0.0,0.0,0.0,0.0,0.0,0.0,0.0,0.0,0.0,0.0,0.0,0.0,0.0,0.05,0.0,0.05,0.0,0.0,0.0,0.0,0.0,0.2,0.15,43.5,34.8,43.0,0.7,0.0,0.0,43.5,0.1,0.1,100.0,0.0,0.0,26.5,159.4,96.3,0.0,0.0,0.0,0.0,0.0,20.9,0.0,0.0,0.0,0.0,0.0,0.05,0.0,0.0,0.0,0.0,0.0,0.0,1.9,0.2,0.0,100.0,0.0,91.40000000000002,Mediano
52,953,954,Rafa? Gikiewicz,POL,GK,Augsburg,Bundesliga,35,1987,16,16,1440,16.0,0,0.0,0.0,0.0,0.0,0.0,0.0,0.0,0.0,0.0,34.5,48.6,71.0,1048.4,761.5,5.31,5.44,97.7,16.2,16.6,97.4,13.0,26.4,49.2,0.0,0.0,1.25,0.06,0.0,0.0,48.6,34.3,14.3,3.88,0.0,0.13,0.0,0.0,0.0,0.0,0.0,0.0,34.5,0.0,0.06,0.38,0.19,0.19,0.0,0.0,0.0,0.0,0.06,0.0,0.06,0.0,0.0,0.0,0.0,0.13,0.13,0.13,0.0,0.0,0.13,0.19,66.7,0.06,0.0,0.0,0.0,0.0,0.13,0.56,0.13,51.8,40.1,51.4,0.5,0.0,0.0,51.8,0.0,0.0,0.0,0.0,0.0,30.3,186.5,106.8,0.0,0.0,0.0,0.13,0.0,21.1,0.0,0.13,0.0,0.0,0.0,0.13,0.0,0.0,0.13,0.0,0.0,0.0,2.75,0.19,0.06,75.0,0.0,91.4,Mediano
15,330,331,Yassine Bounou,MAR,GK,Sevilla,La Liga,31,1991,19,19,1665,18.5,0,0.0,0.0,0.0,0.0,0.0,0.0,0.0,0.0,0.0,28.5,38.0,75.0,749.0,516.6,5.78,5.78,100.0,13.8,14.3,97.0,8.81,17.8,49.5,0.0,0.0,0.22,0.0,0.0,0.05,38.0,29.3,8.65,2.11,0.0,0.11,0.0,0.0,0.0,0.0,0.0,0.0,28.5,0.05,0.0,0.11,0.11,0.0,0.0,0.0,0.0,0.0,0.0,0.0,0.0,0.0,0.0,0.0,0.0,0.05,0.05,0.05,0.0,0.0,0.05,0.22,25.0,0.16,0.0,0.0,0.0,0.05,0.11,0.43,0.0,40.4,31.4,39.9,0.59,0.0,0.0,40.4,0.0,0.0,0.0,0.0,0.0,24.0,113.0,58.5,0.0,0.0,0.0,0.11,0.0,21.9,0.0,0.11,0.0,0.0,0.0,0.05,0.0,0.0,0.05,0.0,0.0,0.0,1.35,0.16,0.05,75.0,0.0,91.11000000000001,Mediano
102,1813,1814,�rjan Nyland,NOR,GK,RB Leipzig,Bundesliga,32,1990,1,1,90,1.0,0,0.0,0.0,0.0,0.0,0.0,0.0,0.0,0.0,0.0,27.0,30.0,90.0,779.0,469.0,6.0,6.0,100.0,11.0,11.0,100.0,10.0,13.0,76.9,0.0,0.0,2.0,0.0,0.0,0.0,30.0,28.0,2.0,0.0,0.0,1.0,0.0,0.0,0.0,0.0,0.0,0.0,27.0,0.0,0.0,0.0,0.0,0.0,0.0,0.0,0.0,0.0,0.0,0.0,0.0,0.0,0.0,0.0,0.0,0.0,0.0,0.0,0.0,0.0,0.0,0.0,0.0,0.0,0.0,0.0,0.0,0.0,0.0,0.0,0.0,31.0,25.0,31.0,0.0,0.0,0.0,31.0,0.0,0.0,0.0,0.0,0.0,25.0,140.0,46.0,0.0,0.0,0.0,0.0,0.0,18.0,0.0,0.0,0.0,0.0,0.0,0.0,0.0,0.0,0.0,0.0,0.0,0.0,3.0,0.0,0.0,0.0,0.0,91.0,Mediano
111,1914,1915,Ji?� Pavlenka,CZE,GK,Werder Bremen,Bundesliga,30,1992,20,20,1738,19.3,0,0.0,0.0,0.0,0.0,0.0,0.0,0.0,0.0,0.0,26.7,37.0,72.0,832.2,631.3,4.35,4.4,98.8,11.2,11.4,98.6,11.0,21.0,52.6,0.0,0.0,0.47,0.0,0.0,0.0,37.0,24.2,12.7,3.63,0.0,0.05,0.0,0.0,0.0,0.0,0.0,0.0,26.7,0.1,0.05,0.05,0.05,0.0,0.0,0.0,0.0,0.0,0.05,0.05,0.0,0.0,0.0,0.0,0.0,0.0,0.0,0.0,0.0,0.0,0.0,0.21,0.0,0.21,0.0,0.0,0.0,0.1,0.1,0.67,0.05,40.4,36.0,40.2,0.16,0.0,0.0,40.4,0.05,0.0,0.0,0.05,100.0,20.9,121.3,63.9,0.0,0.1,0.1,0.05,0.0,16.6,0.0,0.0,0.0,0.0,0.0,0.21,0.0,0.0,0.0,0.0,0.0,0.0,1.19,0.26,0.0,100.0,0.0,90.88999999999999,Mediano
38,751,752,Maxime Dup�,FRA,GK,Toulouse,Ligue 1,29,1993,22,22,1980,22.0,0,0.0,0.0,0.0,0.0,0.0,0.0,0.0,0.0,0.0,26.7,34.2,78.2,700.8,469.4,4.55,4.55,100.0,14.5,14.8,98.2,7.5,14.6,51.4,0.0,0.0,0.18,0.0,0.0,0.0,34.2,25.1,9.05,2.32,0.0,0.05,0.0,0.0,0.0,0.0,0.0,0.0,26.7,0.05,0.05,0.0,0.0,0.0,0.0,0.0,0.0,0.0,0.0,0.0,0.0,0.0,0.0,0.0,0.0,0.0,0.0,0.0,0.0,0.0,0.0,0.0,0.0,0.0,0.0,0.0,0.0,0.0,0.0,0.27,0.14,37.0,27.9,36.9,0.14,0.0,0.0,37.0,0.05,0.05,100.0,0.0,0.0,25.9,142.8,92.4,0.0,0.0,0.0,0.09,0.0,18.9,0.0,0.05,0.0,0.0,0.05,0.18,0.0,0.0,0.0,0.0,0.05,0.0,0.91,0.09,0.0,100.0,0.0,89.81,Mediano
135,2231,2232,Kasper Schmeichel,DEN,GK,Nice,Ligue 1,36,1986,21,21,1890,21.0,0,0.0,0.0,0.0,0.0,0.0,0.0,0.0,0.0,0.0,25.8,34.3,75.2,730.3,548.0,4.81,4.81,100.0,11.1,11.5,96.7,9.71,17.8,54.7,0.0,0.05,0.19,0.0,0.0,0.0,34.3,23.4,10.9,2.71,0.0,0.19,0.0,0.0,0.0,0.0,0.0,0.0,25.8,0.05,0.05,0.43,0.29,0.14,0.0,0.0,0.0,0.0,0.05,0.0,0.05,0.0,0.0,0.0,0.0,0.0,0.0,0.0,0.0,0.0,0.0,0.1,0.0,0.1,0.05,0.0,0.05,0.05,0.05,0.19,0.0,36.2,32.0,36.0,0.14,0.0,0.0,36.2,0.0,0.0,0.0,0.0,0.0,23.7,112.0,57.2,0.0,0.0,0.0,0.1,0.0,16.8,0.0,0.0,0.0,0.0,0.0,0.0,0.0,0.0,0.0,0.0,0.0,0.0,0.71,0.14,0.0,100.0,0.0,89.56000000000003,Mediano
114,1951,1952,Mattia Perin,ITA,GK,Juventus,Serie A,30,1992,7,6,588,6.5,0,0.0,0.0,0.0,0.0,0.0,0.0,0.0,0.0,0.0,28.5,36.8,77.4,679.7,438.2,6.77,6.92,97.8,15.8,15.8,100.0,5.85,14.0,41.8,0.0,0.0,0.92,0.0,0.0,0.15,36.8,28.2,8.62,2.31,0.0,0.0,0.0,0.0,0.0,0.0,0.0,0.0,28.5,0.0,0.0,0.0,0.0,0.0,0.0,0.0,0.0,0.0,0.0,0.0,0.0,0.0,0.0,0.0,0.0,0.0,0.0,0.0,0.0,0.0,0.0,0.0,0.0,0.0,0.0,0.0,0.0,0.0,0.0,0.0,0.0,37.8,34.5,37.4,0.46,0.0,0.0,37.8,0.0,0.0,0.0,0.0,0.0,23.7,122.0,88.6,0.0,0.0,0.0,0.0,0.0,19.7,0.0,0.0,0.0,0.0,0.0,0.15,0.0,0.0,0.0,0.0,0.0,0.0,1.85,0.0,0.0,0.0,0.0,89.25000000000003,Mediano
153,2413,2414,Pietro Terracciano,ITA,GK,Fiorentina,Serie A,32,1990,18,18,1620,18.0,0,0.0,0.0,0.0,0.0,0.0,0.0,0.0,0.0,0.0,27.6,36.4,75.9,777.4,527.9,5.17,5.17,100.0,11.9,12.2,97.7,10.4,18.7,55.8,0.0,0.0,0.44,0.0,0.0,0.0,36.4,26.6,9.61,3.17,0.0,0.06,0.0,0.0,0.0,0.0,0.0,0.0,27.6,0.17,0.06,0.06,0.06,0.0,0.0,0.0,0.0,0.0,0.0,0.0,0.0,0.0,0.0,0.0,0.0,0.11,0.06,0.11,0.0,0.0,0.11,0.11,100.0,0.0,0.0,0.0,0.0,0.0,0.11,0.28,0.0,38.4,29.7,37.9,0.5,0.0,0.0,38.4,0.06,0.06,100.0,0.0,0.0,19.7,106.1,67.2,0.0,0.0,0.0,0.06,0.0,20.2,0.0,0.06,0.0,0.0,0.06,0.0,0.0,0.0,0.06,0.0,0.06,0.0,1.72,0.28,0.0,100.0,0.0,88.55000000000001,Mediano
45,849,850,Fernando,ESP,GK,Almer�a,La Liga,32,1990,20,20,1800,20.0,0,0.0,0.0,0.0,0.0,0.0,0.0,0.0,0.0,0.0,26.3,36.6,71.6,759.8,543.7,3.4,3.45,98.6,14.0,14.3,97.6,8.75,18.6,47.0,0.0,0.0,0.45,0.0,0.0,0.0,36.6,24.4,12.1,3.6,0.0,0.1,0.0,0.0,0.0,0.0,0.0,0.0,26.3,0.15,0.0,0.05,0.0,0.05,0.0,0.0,0.0,0.0,0.0,0.0,0.0,0.0,0.0,0.0,0.0,0.0,0.0,0.0,0.0,0.0,0.0,0.05,0.0,0.05,0.1,0.0,0.1,0.0,0.0,0.55,0.1,40.0,35.6,39.8,0.15,0.0,0.0,40.0,0.0,0.0,0.0,0.0,0.0,19.9,102.8,65.0,0.0,0.0,0.0,0.0,0.0,16.8,0.0,0.05,0.0,0.0,0.0,0.2,0.0,0.0,0.0,0.0,0.0,0.0,0.95,0.0,0.0,0.0,0.0,88.14999999999998,Mediano
159,2586,2587,Danny Ward,WAL,GK,Leicester City,Premier League,29,1993,22,22,1980,22.0,0,0.0,0.0,0.0,0.0,0.0,0.0,0.0,0.0,0.0,27.4,37.0,74.1,651.5,401.8,7.64,7.68,99.4,13.5,13.7,99.0,6.18,15.3,40.5,0.0,0.0,0.27,0.0,0.0,0.0,37.0,26.5,10.2,2.64,0.0,0.18,0.0,0.0,0.0,0.0,0.0,0.0,27.4,0.23,0.09,0.09,0.09,0.0,0.0,0.0,0.0,0.0,0.0,0.0,0.0,0.0,0.0,0.0,0.0,0.05,0.05,0.05,0.0,0.0,0.05,0.14,33.3,0.09,0.0,0.0,0.0,0.0,0.05,0.59,0.09,39.1,31.8,38.9,0.23,0.0,0.0,39.1,0.0,0.0,0.0,0.0,0.0,21.7,114.2,68.2,0.0,0.0,0.0,0.0,0.0,18.5,0.0,0.0,0.0,0.0,0.0,0.18,0.0,0.0,0.05,0.0,0.0,0.0,1.0,0.14,0.0,100.0,0.0,88.03,Mediano
64,1216,1217,Filip J�rgensen,DEN,GK,Villarreal,La Liga,20,2002,1,1,90,1.0,0,0.0,0.0,0.0,0.0,0.0,0.0,0.0,0.0,0.0,29.0,35.0,82.9,459.0,223.0,11.0,11.0,100.0,18.0,19.0,94.7,0.0,5.0,0.0,0.0,0.0,0.0,0.0,0.0,0.0,35.0,25.0,10.0,3.0,0.0,0.0,0.0,0.0,0.0,0.0,0.0,0.0,29.0,0.0,0.0,0.0,0.0,0.0,0.0,0.0,0.0,0.0,0.0,0.0,0.0,0.0,0.0,0.0,0.0,0.0,0.0,0.0,0.0,0.0,0.0,0.0,0.0,0.0,0.0,0.0,0.0,0.0,0.0,0.0,0.0,35.0,33.0,35.0,0.0,0.0,0.0,35.0,0.0,0.0,0.0,0.0,0.0,21.0,91.0,54.0,0.0,0.0,0.0,0.0,0.0,19.0,0.0,0.0,0.0,0.0,0.0,0.0,0.0,0.0,0.0,0.0,0.0,0.0,1.0,0.0,0.0,0.0,0.0,88.0,Mediano
149,2343,2344,Marco Sportiello,ITA,GK,Atalanta,Serie A,30,1992,7,6,623,6.9,0,0.0,0.0,0.0,0.0,0.0,0.0,0.0,0.0,0.0,28.1,35.1,80.2,772.8,529.7,4.64,4.64,100.0,15.5,15.8,98.2,7.97,14.6,54.5,0.0,0.0,0.14,0.0,0.0,0.29,35.1,24.6,10.4,1.59,0.0,0.0,0.0,0.0,0.0,0.0,0.0,0.0,28.1,0.0,0.0,0.14,0.14,0.0,0.0,0.0,0.0,0.0,0.0,0.0,0.0,0.0,0.0,0.0,0.0,0.14,0.0,0.14,0.0,0.0,0.14,0.29,50.0,0.14,0.0,0.0,0.0,0.0,0.14,0.14,0.0,36.4,32.5,35.7,0.72,0.0,0.0,36.4,0.0,0.0,0.0,0.0,0.0,21.0,97.4,62.3,0.0,0.0,0.0,0.0,0.14,14.9,0.0,0.0,0.0,0.0,0.0,0.14,0.0,0.0,0.0,0.0,0.0,0.0,1.88,0.14,0.0,100.0,0.0,87.36000000000001,Mediano
78,1461,1462,Pau L�pez,ESP,GK,Marseille,Ligue 1,28,1994,19,19,1710,19.0,0,0.0,0.0,0.0,0.0,0.0,0.0,0.0,0.0,0.0,27.8,34.6,80.5,737.8,464.1,4.68,4.79,97.8,14.4,14.6,98.6,8.63,14.9,57.7,0.05,0.05,0.42,0.0,0.0,0.05,34.6,26.7,7.84,2.32,0.0,0.16,0.0,0.0,0.0,0.0,0.0,0.0,27.8,0.05,0.11,0.11,0.05,0.05,0.0,0.0,0.0,0.0,0.05,0.0,0.05,0.0,0.0,0.0,0.0,0.0,0.0,0.0,0.0,0.0,0.0,0.05,0.0,0.05,0.0,0.0,0.0,0.0,0.0,0.21,0.05,36.7,24.9,35.7,1.0,0.0,0.0,36.7,0.0,0.0,0.0,0.0,0.0,26.9,128.9,72.7,0.0,0.0,0.0,0.0,0.0,19.0,0.0,0.16,0.0,0.0,0.05,0.21,0.0,0.0,0.0,0.0,0.05,0.0,1.47,0.16,0.05,75.0,0.0,87.05999999999999,Mediano
133,2179,2180,Brice Samba,CGO,GK,Lens,Ligue 1,28,1994,22,22,1980,22.0,0,0.0,0.0,0.0,0.0,0.0,0.0,0.0,0.0,0.0,25.6,32.9,77.8,676.0,454.2,5.68,5.68,100.0,11.1,11.3,98.0,8.36,15.3,54.6,0.0,0.0,0.45,0.05,0.0,0.05,32.9,26.7,6.18,2.18,0.0,0.27,0.0,0.0,0.0,0.0,0.0,0.0,25.6,0.05,0.05,0.05,0.05,0.0,0.0,0.0,0.0,0.0,0.0,0.0,0.0,0.0,0.0,0.0,0.0,0.05,0.0,0.05,0.0,0.0,0.05,0.05,100.0,0.0,0.05,0.0,0.05,0.0,0.05,0.36,0.0,34.9,24.8,34.3,0.68,0.0,0.0,34.9,0.05,0.05,100.0,0.0,0.0,26.5,141.9,84.6,0.0,0.0,0.0,0.0,0.0,19.2,0.0,0.05,0.0,0.0,0.0,0.09,0.0,0.0,0.0,0.0,0.0,0.0,1.41,0.32,0.05,87.5,0.0,86.57,Mediano
82,1525,1526,Giorgi Mamardashvili,GEO,GK,Valencia,La Liga,22,2000,21,21,1890,21.0,0,0.0,0.0,0.0,0.0,0.0,0.0,0.0,0.0,0.0,23.0,30.2,76.0,588.3,414.6,5.43,5.43,100.0,11.4,11.5,99.2,5.95,13.0,46.0,0.0,0.0,0.19,0.0,0.0,0.05,30.2,21.8,8.29,2.9,0.0,0.1,0.0,0.0,0.0,0.0,0.0,0.0,23.0,0.1,0.05,0.1,0.0,0.1,0.0,0.0,0.0,0.0,0.0,0.0,0.0,0.0,0.0,0.0,0.0,0.0,0.0,0.0,0.0,0.0,0.0,0.0,0.0,0.0,0.0,0.0,0.0,0.05,0.05,0.38,0.05,33.2,28.2,32.4,0.9,0.0,0.0,33.2,0.0,0.0,0.0,0.0,0.0,17.8,82.1,48.3,0.0,0.0,0.0,0.0,0.05,14.8,0.0,0.05,0.0,0.0,0.05,0.1,0.0,0.0,0.0,0.0,0.05,0.0,1.71,0.14,0.05,75.0,0.0,86.51000000000002,Mediano
12,295,296,Rub�n Blanco,ESP,GK,Marseille,Ligue 1,27,1995,4,4,360,4.0,0,0.0,0.0,0.0,0.0,0.0,0.0,0.0,0.0,0.0,30.0,38.3,78.4,704.8,454.8,6.75,6.75,100.0,16.3,16.5,98.5,6.5,14.5,44.8,0.0,0.0,0.0,0.0,0.0,0.0,38.3,28.3,10.0,1.0,0.0,0.0,0.0,0.0,0.0,0.0,0.0,0.0,30.0,0.0,0.0,0.25,0.25,0.0,0.0,0.0,0.0,0.0,0.0,0.0,0.0,0.0,0.0,0.0,0.0,0.0,0.0,0.0,0.0,0.0,0.0,0.0,0.0,0.0,0.0,0.0,0.0,0.0,0.0,0.0,0.0,40.0,33.0,40.0,0.0,0.0,0.0,40.0,0.0,0.0,0.0,0.0,0.0,29.5,142.5,71.8,0.0,0.0,0.0,0.0,0.0,21.0,0.0,0.0,0.0,0.0,0.0,0.0,0.0,0.0,0.0,0.0,0.0,0.0,1.5,0.0,0.0,0.0,0.0,85.70000000000002,Mediano
87,1583,1584,Jordi Masip,ESP,GK,Valladolid,La Liga,34,1989,15,15,1350,15.0,0,0.0,0.0,0.0,0.0,0.0,0.0,0.0,0.0,0.0,26.0,36.5,71.2,730.1,526.9,3.53,3.53,100.0,14.3,14.5,99.1,7.87,18.2,43.2,0.0,0.0,0.4,0.0,0.0,0.0,36.5,25.0,11.5,2.47,0.0,0.0,0.0,0.0,0.0,0.0,0.0,0.0,26.0,0.07,0.0,0.13,0.07,0.07,0.0,0.0,0.0,0.0,0.07,0.0,0.07,0.0,0.0,0.0,0.0,0.0,0.0,0.0,0.0,0.0,0.0,0.0,0.0,0.0,0.0,0.0,0.0,0.0,0.0,0.2,0.0,39.1,36.7,39.1,0.0,0.0,0.0,39.1,0.0,0.0,0.0,0.0,0.0,20.3,99.1,60.8,0.0,0.0,0.0,0.0,0.0,17.2,0.0,0.13,0.0,0.0,0.0,0.07,0.0,0.0,0.0,0.0,0.0,0.0,1.07,0.4,0.0,100.0,0.0,85.45000000000002,Mediano
86,1573,1574,Emiliano Mart�nez,ARG,GK,Aston Villa,Premier League,30,1992,19,19,1654,18.4,0,0.0,0.0,0.0,0.0,0.0,0.0,0.0,0.0,0.0,26.2,35.3,74.3,695.3,462.3,4.84,4.84,100.0,14.2,14.3,98.9,7.12,15.8,45.2,0.0,0.11,0.71,0.0,0.0,0.0,35.3,26.2,8.91,2.83,0.05,0.11,0.0,0.0,0.0,0.0,0.0,0.0,26.2,0.16,0.05,0.16,0.11,0.05,0.0,0.0,0.0,0.0,0.0,0.0,0.0,0.0,0.0,0.0,0.0,0.0,0.0,0.0,0.0,0.0,0.0,0.11,0.0,0.11,0.0,0.0,0.0,0.05,0.05,0.49,0.05,37.9,31.3,37.4,0.49,0.0,0.0,37.9,0.0,0.0,0.0,0.0,0.0,20.7,107.6,64.8,0.0,0.0,0.0,0.11,0.0,17.7,0.0,0.16,0.0,0.0,0.0,0.16,0.0,0.0,0.0,0.0,0.0,0.0,0.98,0.27,0.0,100.0,0.0,85.35999999999999,Mediano
132,2149,2150,Jos� S�,POR,GK,Wolves,Premier League,30,1993,22,22,1980,22.0,0,0.0,0.0,0.0,0.0,0.0,0.0,0.0,0.0,0.0,24.5,34.1,71.9,603.6,404.5,6.09,6.23,97.8,13.0,13.5,97.0,5.32,14.1,37.7,0.0,0.0,0.32,0.0,0.0,0.0,34.1,24.2,9.73,1.95,0.0,0.05,0.0,0.0,0.0,0.0,0.0,0.0,24.5,0.18,0.05,0.0,0.0,0.0,0.0,0.0,0.0,0.0,0.0,0.0,0.0,0.0,0.0,0.0,0.0,0.05,0.0,0.05,0.0,0.0,0.05,0.05,100.0,0.0,0.0,0.0,0.0,0.0,0.05,0.32,0.09,36.0,32.5,35.9,0.09,0.0,0.0,36.0,0.09,0.09,100.0,0.0,0.0,20.0,119.5,77.6,0.0,0.0,0.0,0.09,0.0,16.7,0.0,0.0,0.0,0.0,0.0,0.18,0.0,0.0,0.0,0.0,0.0,0.0,1.14,0.23,0.05,83.3,0.0,84.88,Mediano
50,936,937,Paulo Gazzaniga,ARG,GK,Girona,La Liga,31,1992,11,11,990,11.0,0,0.0,0.0,0.0,0.0,0.0,0.0,0.0,0.0,0.0,28.9,38.3,75.5,803.4,603.8,7.27,7.27,100.0,12.4,12.7,97.1,9.18,17.9,51.3,0.0,0.0,0.73,0.0,0.0,0.0,38.3,26.1,11.9,2.82,0.0,0.09,0.0,0.0,0.0,0.0,0.0,0.0,28.9,0.27,0.0,0.09,0.09,0.0,0.0,0.0,0.0,0.0,0.0,0.0,0.0,0.0,0.0,0.0,0.0,0.0,0.0,0.0,0.0,0.0,0.0,0.0,0.0,0.0,0.0,0.0,0.0,0.0,0.0,0.45,0.27,40.6,34.9,40.5,0.18,0.0,0.0,40.6,0.0,0.0,0.0,0.0,0.0,24.0,117.3,64.3,0.0,0.0,0.0,0.18,0.09,17.4,0.0,0.09,0.0,0.0,0.0,0.45,0.0,0.0,0.0,0.0,0.0,0.0,1.36,0.09,0.0,100.0,0.0,83.78,Mediano
141,2273,2274,Marco Silvestri,ITA,GK,Udinese,Serie A,31,1991,21,21,1890,21.0,0,0.0,0.0,0.0,0.0,0.0,0.0,0.0,0.0,0.0,22.5,29.3,76.9,615.8,458.4,4.19,4.19,100.0,11.4,11.5,99.2,6.71,13.3,50.4,0.0,0.0,0.33,0.0,0.0,0.0,29.3,19.4,9.86,2.05,0.0,0.14,0.0,0.0,0.0,0.0,0.0,0.0,22.5,0.05,0.0,0.29,0.24,0.05,0.0,0.0,0.0,0.0,0.0,0.0,0.0,0.0,0.0,0.0,0.0,0.1,0.05,0.1,0.0,0.0,0.1,0.1,100.0,0.0,0.0,0.0,0.0,0.05,0.14,0.24,0.05,31.6,27.9,31.6,0.0,0.0,0.0,31.6,0.0,0.0,0.0,0.0,0.0,15.5,81.6,59.6,0.0,0.0,0.0,0.0,0.0,12.9,0.0,0.0,0.0,0.0,0.0,0.1,0.0,0.0,0.05,0.0,0.0,0.0,1.05,0.14,0.0,100.0,0.0,83.57,Mediano
62,1136,1137,Luk� Hr�deck?,FIN,GK,Leverkusen,Bundesliga,33,1989,19,19,1709,19.0,0,0.0,0.0,0.0,0.0,0.0,0.0,0.0,0.0,0.0,25.5,34.9,73.2,668.4,491.3,5.42,5.58,97.2,12.2,12.4,98.7,7.74,16.8,46.1,0.0,0.0,0.32,0.05,0.0,0.0,34.9,26.5,8.42,2.42,0.0,0.0,0.0,0.0,0.0,0.0,0.0,0.0,25.5,0.0,0.0,0.05,0.0,0.05,0.0,0.0,0.0,0.0,0.0,0.0,0.0,0.0,0.0,0.0,0.0,0.0,0.0,0.0,0.0,0.0,0.0,0.0,0.0,0.0,0.0,0.0,0.0,0.0,0.0,0.11,0.05,36.6,31.8,36.4,0.26,0.0,0.0,36.6,0.0,0.0,0.0,0.0,0.0,21.0,117.6,69.3,0.0,0.0,0.0,0.05,0.0,17.9,0.0,0.0,0.05,0.0,0.05,0.0,0.0,0.0,0.0,0.0,0.0,0.0,1.11,0.21,0.0,100.0,0.0,83.45,Mediano
34,698,699,Yehvann Diouf,FRA,GK,Reims,Ligue 1,23,1999,15,15,1350,15.0,0,0.0,0.0,0.0,0.0,0.0,0.0,0.0,0.0,0.0,24.5,31.7,77.1,689.9,463.7,2.6,2.67,97.5,13.3,13.5,99.0,8.33,15.3,54.6,0.0,0.07,0.33,0.0,0.0,0.0,31.7,22.9,8.67,2.2,0.0,0.13,0.0,0.0,0.0,0.0,0.0,0.0,24.5,0.13,0.0,0.2,0.13,0.07,0.0,0.0,0.0,0.0,0.07,0.07,0.0,0.0,0.0,0.0,0.0,0.07,0.0,0.07,0.0,0.0,0.07,0.07,100.0,0.0,0.0,0.0,0.0,0.0,0.07,0.53,0.2,34.5,29.7,34.5,0.07,0.0,0.0,34.5,0.07,0.07,100.0,0.0,0.0,24.2,126.9,72.9,0.0,0.0,0.0,0.13,0.0,14.4,0.0,0.13,0.0,0.0,0.0,0.4,0.0,0.0,0.0,0.0,0.0,0.0,1.67,0.33,0.07,83.3,0.0,83.22999999999999,Mediano
81,1507,1508,Mike Maignan,FRA,GK,Milan,Serie A,27,1995,7,7,630,7.0,0,0.0,0.0,0.0,0.0,0.0,0.0,0.0,0.0,0.0,26.6,34.4,77.2,723.7,463.6,4.57,4.57,100.0,13.0,13.1,98.9,8.86,16.1,54.9,0.0,0.0,1.0,0.0,0.0,0.0,34.4,30.4,3.57,1.0,0.0,0.0,0.0,0.0,0.0,0.0,0.0,0.0,26.6,0.43,0.0,0.14,0.14,0.0,0.0,0.0,0.0,0.0,0.0,0.0,0.0,0.0,0.0,0.0,0.0,0.0,0.0,0.0,0.0,0.0,0.0,0.0,0.0,0.0,0.0,0.0,0.0,0.14,0.14,0.29,0.0,36.6,28.6,36.6,0.0,0.0,0.0,36.6,0.0,0.0,0.0,0.0,0.0,26.9,141.1,95.9,0.0,0.0,0.0,0.0,0.0,23.0,0.0,0.0,0.0,0.0,0.0,0.14,0.0,0.0,0.0,0.0,0.0,0.0,1.86,0.14,0.0,100.0,0.0,83.00000000000003,Mediano
24,489,490,Lucas Chevalier,FRA,GK,Lille,Ligue 1,21,2001,16,16,1440,16.0,0,0.0,0.0,0.0,0.0,0.0,0.0,0.0,0.0,0.0,24.5,32.0,76.6,545.3,355.8,7.06,7.13,99.1,12.9,13.1,98.6,4.38,11.6,37.8,0.0,0.06,0.38,0.0,0.0,0.0,32.0,27.3,4.69,1.19,0.13,0.0,0.0,0.0,0.0,0.0,0.0,0.0,24.5,0.06,0.0,0.13,0.13,0.0,0.0,0.0,0.0,0.0,0.0,0.0,0.0,0.0,0.0,0.0,0.0,0.06,0.06,0.06,0.0,0.0,0.06,0.06,100.0,0.0,0.06,0.0,0.06,0.06,0.13,0.13,0.13,33.8,27.3,33.8,0.06,0.0,0.0,33.8,0.0,0.0,0.0,0.0,0.0,28.1,141.5,96.3,0.0,0.0,0.0,0.06,0.0,20.4,0.0,0.0,0.0,0.0,0.0,0.13,0.0,0.0,0.06,0.0,0.0,0.0,1.31,0.06,0.0,100.0,0.0,82.93000000000002,Mediano
89,1639,1640,Edouard Mendy,SEN,GK,Chelsea,Premier League,30,1992,9,8,765,8.5,0,0.0,0.0,0.0,0.0,0.0,0.0,0.0,0.0,0.0,25.1,31.5,79.5,586.7,400.2,8.12,8.12,100.0,10.2,10.4,98.9,6.24,12.6,49.5,0.0,0.0,0.47,0.0,0.0,0.0,31.5,24.2,7.29,0.71,0.0,0.12,0.0,0.0,0.0,0.0,0.0,0.0,25.1,0.0,0.0,0.0,0.0,0.0,0.0,0.0,0.0,0.0,0.0,0.0,0.0,0.0,0.0,0.0,0.0,0.0,0.0,0.0,0.0,0.0,0.0,0.0,0.0,0.0,0.0,0.0,0.0,0.0,0.0,0.35,0.24,33.6,29.1,33.3,0.35,0.0,0.0,33.6,0.12,0.0,0.0,0.12,100.0,18.8,87.5,46.9,0.0,0.0,0.0,0.0,0.0,17.4,0.0,0.12,0.0,0.0,0.0,0.24,0.0,0.0,0.0,0.0,0.0,0.0,1.65,0.24,0.0,100.0,0.0,82.59000000000002,Mediano
126,2065,2066,�lex Remiro,ESP,GK,Real Sociedad,La Liga,27,1995,20,20,1800,20.0,0,0.0,0.0,0.0,0.0,0.0,0.0,0.0,0.0,0.0,25.6,36.0,71.1,786.4,596.5,4.05,4.1,98.8,11.6,11.8,97.9,9.9,19.6,50.4,0.0,0.0,0.9,0.0,0.0,0.05,36.0,26.4,9.2,3.2,0.0,0.05,0.0,0.0,0.0,0.0,0.0,0.0,25.6,0.35,0.0,0.05,0.0,0.05,0.0,0.0,0.0,0.0,0.0,0.0,0.0,0.0,0.0,0.0,0.0,0.0,0.0,0.0,0.0,0.0,0.0,0.0,0.0,0.0,0.0,0.0,0.0,0.0,0.0,0.55,0.1,37.9,33.1,37.8,0.1,0.0,0.0,37.9,0.0,0.0,0.0,0.0,0.0,21.7,126.3,79.1,0.0,0.0,0.0,0.05,0.0,17.9,0.0,0.05,0.0,0.0,0.0,0.0,0.0,0.0,0.0,0.0,0.0,0.0,1.15,0.2,0.0,100.0,0.0,82.35000000000002,Mediano
76,1456,1457,Anthony Lopes,POR,GK,Lyon,Ligue 1,32,1990,19,19,1646,18.3,0,0.0,0.0,0.0,0.0,0.0,0.0,0.0,0.0,0.0,23.1,29.3,78.7,584.0,413.3,5.08,5.08,100.0,11.6,11.7,99.1,6.28,12.3,51.1,0.0,0.0,0.16,0.0,0.0,0.0,29.3,20.7,8.47,2.3,0.0,0.05,0.0,0.0,0.0,0.0,0.0,0.0,23.1,0.11,0.0,0.0,0.0,0.0,0.0,0.0,0.0,0.0,0.0,0.0,0.0,0.0,0.0,0.0,0.0,0.05,0.0,0.05,0.0,0.0,0.05,0.05,100.0,0.0,0.0,0.0,0.0,0.05,0.11,0.38,0.0,31.3,26.3,31.1,0.27,0.0,0.0,31.3,0.05,0.0,0.0,0.05,100.0,21.3,113.4,76.2,0.0,0.0,0.0,0.0,0.0,13.8,0.0,0.05,0.05,0.0,0.05,0.05,0.0,0.0,0.0,0.0,0.05,0.0,0.98,0.05,0.0,100.0,0.0,82.05,Mediano
18,380,381,Marcin Bu?ka,POL,GK,Nice,Ligue 1,23,1999,2,2,180,2.0,0,0.0,0.0,0.0,0.0,0.0,0.0,0.0,0.0,0.0,27.0,33.5,80.6,732.5,578.0,4.5,4.5,100.0,16.0,16.5,97.0,6.5,12.5,52.0,0.0,0.0,0.0,0.0,0.0,0.0,33.5,21.5,12.0,3.0,0.0,0.0,0.0,0.0,0.0,0.0,0.0,0.0,27.0,0.0,0.0,0.0,0.0,0.0,0.0,0.0,0.0,0.0,0.0,0.0,0.0,0.0,0.0,0.0,0.0,0.0,0.0,0.0,0.0,0.0,0.0,0.5,0.0,0.5,0.0,0.0,0.0,0.5,0.5,0.0,0.0,35.0,32.0,35.0,0.0,0.0,0.0,35.0,0.0,0.0,0.0,0.0,0.0,23.0,105.0,36.0,0.0,0.0,0.0,0.0,0.0,14.5,0.0,0.0,0.0,0.0,0.0,0.0,0.0,0.0,0.0,0.0,0.0,0.0,1.5,0.0,0.0,0.0,0.0,81.5,Mediano
110,1909,1910,Rui Patr�cio,POR,GK,Roma,Serie A,34,1988,22,22,1980,22.0,0,0.0,0.0,0.0,0.0,0.0,0.0,0.0,0.0,0.0,20.2,25.7,78.4,522.9,342.3,4.45,4.45,100.0,9.59,9.73,98.6,6.05,11.4,53.0,0.0,0.0,0.14,0.0,0.0,0.0,25.7,16.4,9.27,1.73,0.0,0.0,0.0,0.0,0.0,0.0,0.0,0.0,20.2,0.05,0.0,0.09,0.0,0.05,0.0,0.0,0.0,0.05,0.0,0.0,0.0,0.0,0.0,0.0,0.0,0.05,0.05,0.05,0.0,0.0,0.05,0.05,100.0,0.0,0.0,0.0,0.0,0.09,0.14,0.18,0.09,26.9,24.6,26.8,0.09,0.0,0.0,26.9,0.0,0.0,0.0,0.0,0.0,14.3,79.9,43.4,0.0,0.0,0.0,0.05,0.0,10.7,0.0,0.05,0.0,0.0,0.0,0.0,0.0,0.0,0.05,0.0,0.0,0.0,1.18,0.05,0.0,100.0,0.0,78.58,Mediano
56,1019,1020,Vicente Guaita,ESP,GK,Crystal Palace,Premier League,36,1987,22,22,1980,22.0,0,0.0,0.0,0.0,0.0,0.0,0.0,0.0,0.0,0.0,23.0,32.1,71.6,590.2,390.6,6.18,6.27,98.6,9.36,9.59,97.6,6.95,15.5,44.7,0.0,0.0,0.14,0.0,0.0,0.05,32.1,22.5,9.5,1.77,0.0,0.18,0.0,0.0,0.0,0.0,0.0,0.0,23.0,0.18,0.0,0.0,0.0,0.0,0.0,0.0,0.0,0.0,0.0,0.0,0.0,0.0,0.0,0.0,0.0,0.0,0.0,0.0,0.0,0.0,0.0,0.0,0.0,0.0,0.0,0.0,0.0,0.0,0.0,0.36,0.05,34.0,29.8,34.0,0.09,0.0,0.0,34.0,0.0,0.0,0.0,0.0,0.0,19.6,100.5,63.8,0.0,0.0,0.0,0.05,0.0,14.7,0.0,0.05,0.0,0.0,0.05,0.14,0.0,0.0,0.0,0.0,0.0,0.0,1.0,0.41,0.05,90.0,0.0,78.37,Mediano
122,2030,2031,Diant Ramaj,GER,GK,Eint Frankfurt,Bundesliga,21,2001,1,1,90,1.0,0,0.0,0.0,0.0,0.0,0.0,0.0,0.0,0.0,0.0,21.0,25.0,84.0,501.0,271.0,5.0,5.0,100.0,12.0,12.0,100.0,4.0,8.0,50.0,0.0,0.0,0.0,0.0,0.0,0.0,25.0,19.0,6.0,2.0,0.0,0.0,0.0,0.0,0.0,0.0,0.0,0.0,21.0,0.0,0.0,0.0,0.0,0.0,0.0,0.0,0.0,0.0,0.0,0.0,0.0,0.0,0.0,0.0,0.0,0.0,0.0,0.0,0.0,0.0,0.0,0.0,0.0,0.0,0.0,0.0,0.0,0.0,0.0,1.0,0.0,28.0,27.0,28.0,0.0,0.0,0.0,28.0,0.0,0.0,0.0,0.0,0.0,18.0,95.0,66.0,0.0,0.0,0.0,0.0,0.0,8.0,0.0,0.0,0.0,0.0,0.0,0.0,0.0,0.0,0.0,0.0,0.0,0.0,3.0,1.0,0.0,100.0,0.0,78.0,Mediano
51,937,938,David de Gea,ESP,GK,Manchester Utd,Premier League,32,1990,22,22,1980,22.0,0,0.0,0.0,0.0,0.0,0.0,0.0,0.0,0.0,0.0,22.0,30.6,71.8,545.9,381.3,5.73,5.73,100.0,10.0,10.2,98.7,6.0,14.3,42.0,0.0,0.05,0.09,0.05,0.0,0.0,30.6,24.2,6.14,1.68,0.0,0.09,0.0,0.0,0.0,0.0,0.0,0.0,22.0,0.23,0.0,0.09,0.0,0.09,0.0,0.0,0.0,0.0,0.0,0.0,0.0,0.0,0.0,0.0,0.0,0.0,0.0,0.0,0.0,0.0,0.0,0.0,0.0,0.0,0.0,0.0,0.0,0.0,0.0,0.36,0.05,32.6,27.0,32.5,0.18,0.0,0.0,32.6,0.0,0.0,0.0,0.0,0.0,19.4,92.6,56.8,0.0,0.0,0.0,0.0,0.0,19.0,0.0,0.0,0.0,0.0,0.0,0.09,0.0,0.0,0.0,0.0,0.0,0.0,0.73,0.14,0.0,100.0,0.0,77.96999999999998,Mediano
101,1805,1806,Alexander N�bel,GER,GK,Monaco,Ligue 1,26,1996,23,23,2070,23.0,0,0.0,0.0,0.0,0.0,0.0,0.0,0.0,0.0,0.0,22.4,30.1,74.6,682.2,507.9,3.13,3.17,98.6,9.3,9.52,97.7,9.91,17.3,57.3,0.0,0.04,0.09,0.0,0.0,0.0,30.1,20.6,9.48,2.35,0.0,0.09,0.0,0.0,0.0,0.0,0.0,0.0,22.4,0.0,0.0,0.35,0.26,0.09,0.0,0.0,0.0,0.0,0.04,0.04,0.0,0.0,0.0,0.0,0.0,0.0,0.0,0.0,0.0,0.0,0.0,0.04,0.0,0.04,0.0,0.0,0.0,0.04,0.04,0.22,0.09,32.1,26.6,31.9,0.22,0.0,0.0,32.1,0.0,0.0,0.0,0.0,0.0,22.2,112.9,66.7,0.0,0.0,0.0,0.04,0.0,12.6,0.0,0.09,0.0,0.0,0.0,0.04,0.0,0.0,0.0,0.0,0.0,0.0,1.22,0.17,0.04,80.0,0.0,77.46,Mediano
32,679,680,Mory Diaw,SEN,GK,Clermont Foot,Ligue 1,29,1993,23,23,2070,23.0,0,0.0,0.0,0.0,0.0,0.0,0.0,0.0,0.0,0.0,25.7,37.4,68.8,773.6,572.5,4.04,4.09,98.9,11.3,11.8,95.9,10.1,21.2,47.7,0.0,0.09,0.91,0.09,0.0,0.0,37.4,25.6,11.7,4.52,0.0,0.22,0.0,0.0,0.0,0.0,0.0,0.0,25.7,0.09,0.0,0.17,0.13,0.04,0.0,0.0,0.0,0.0,0.0,0.0,0.0,0.0,0.0,0.0,0.0,0.0,0.0,0.0,0.0,0.0,0.0,0.09,0.0,0.09,0.0,0.0,0.0,0.09,0.09,0.39,0.13,40.2,32.9,40.0,0.26,0.0,0.0,40.2,0.0,0.0,0.0,0.0,0.0,26.0,147.3,96.9,0.0,0.0,0.0,0.0,0.0,16.2,0.0,0.0,0.0,0.0,0.0,0.09,0.0,0.0,0.0,0.0,0.0,0.0,1.04,0.17,0.0,100.0,0.0,77.25000000000001,Mediano
150,2384,2385,Wojciech Szcz?sny,POL,GK,Juventus,Serie A,32,1990,15,15,1302,14.5,0,0.0,0.0,0.0,0.0,0.0,0.0,0.0,0.0,0.0,21.9,28.5,76.8,648.9,454.1,2.69,2.69,100.0,10.8,10.8,99.4,8.41,14.8,57.0,0.0,0.0,0.21,0.0,0.0,0.0,28.5,21.7,6.76,1.79,0.0,0.21,0.0,0.0,0.0,0.0,0.0,0.0,21.9,0.07,0.07,0.07,0.07,0.0,0.0,0.0,0.0,0.0,0.0,0.0,0.0,0.0,0.0,0.0,0.0,0.07,0.0,0.07,0.0,0.0,0.0,0.07,0.0,0.07,0.0,0.0,0.0,0.0,0.07,0.14,0.0,29.9,26.3,29.8,0.14,0.0,0.0,29.9,0.0,0.0,0.0,0.0,0.0,17.8,90.5,50.3,0.0,0.0,0.0,0.07,0.0,15.5,0.0,0.0,0.0,0.0,0.0,0.0,0.0,0.0,0.0,0.0,0.0,0.0,0.97,0.14,0.0,100.0,0.0,76.65999999999998,Mediano
96,1749,1750,Juan Musso,ARG,GK,Atalanta,Serie A,28,1994,16,16,1357,15.1,0,0.0,0.0,0.0,0.0,0.0,0.0,0.0,0.0,0.0,24.4,33.0,73.9,708.2,502.8,4.24,4.24,100.0,10.9,11.1,98.8,9.14,17.5,52.3,0.0,0.07,0.0,0.0,0.0,0.0,33.0,23.8,9.14,2.45,0.0,0.13,0.0,0.0,0.0,0.0,0.0,0.0,24.4,0.07,0.0,0.07,0.07,0.0,0.0,0.0,0.0,0.0,0.0,0.0,0.0,0.0,0.0,0.0,0.0,0.0,0.0,0.0,0.0,0.0,0.0,0.0,0.0,0.0,0.0,0.0,0.0,0.0,0.0,0.4,0.07,34.6,30.3,34.4,0.2,0.0,0.0,34.6,0.0,0.0,0.0,0.0,0.0,21.2,145.3,78.3,0.0,0.07,0.07,0.07,0.0,15.0,0.0,0.07,0.0,0.0,0.0,0.26,0.0,0.0,0.0,0.0,0.0,0.0,0.73,0.0,0.0,0.0,0.0,75.94999999999997,Mediano
68,1361,1362,Alban Lafont,FRA,GK,Nantes,Ligue 1,24,1999,21,21,1889,21.0,0,0.0,0.0,0.0,0.0,0.0,0.0,0.0,0.0,0.0,22.3,32.5,68.7,680.0,519.1,3.0,3.05,98.4,10.6,10.8,97.8,8.76,18.6,47.2,0.0,0.05,0.33,0.05,0.0,0.05,32.5,22.6,9.9,2.81,0.0,0.33,0.0,0.0,0.0,0.0,0.0,0.0,22.3,0.05,0.1,0.14,0.1,0.05,0.0,0.0,0.0,0.0,0.0,0.0,0.0,0.0,0.0,0.0,0.0,0.0,0.0,0.0,0.0,0.0,0.0,0.05,0.0,0.05,0.0,0.0,0.0,0.0,0.0,0.43,0.05,35.8,31.0,35.7,0.14,0.0,0.0,35.8,0.14,0.05,33.3,0.1,66.7,22.9,124.1,68.1,0.05,0.0,0.0,0.05,0.0,14.9,0.0,0.1,0.05,0.05,0.0,0.14,0.0,0.0,0.0,0.0,0.0,0.0,1.0,0.33,0.0,100.0,0.0,75.25999999999999,Mediano
6,161,162,�dgar Bad�a,ESP,GK,Elche,La Liga,31,1992,20,20,1800,20.0,0,0.0,0.0,0.0,0.0,0.0,0.0,0.0,0.0,0.0,20.3,28.3,71.7,651.6,507.6,2.3,2.35,97.9,9.35,9.7,96.4,8.6,16.1,53.4,0.0,0.0,0.45,0.0,0.0,0.0,28.3,17.4,10.8,3.2,0.0,0.0,0.0,0.0,0.0,0.0,0.0,0.0,20.3,0.1,0.0,0.1,0.1,0.0,0.0,0.0,0.0,0.0,0.0,0.0,0.0,0.0,0.0,0.0,0.0,0.05,0.0,0.05,0.0,0.0,0.05,0.05,100.0,0.0,0.0,0.0,0.0,0.0,0.05,0.55,0.1,31.6,29.5,31.6,0.05,0.0,0.0,31.6,0.0,0.0,0.0,0.0,0.0,15.5,88.5,59.0,0.0,0.0,0.0,0.1,0.0,10.2,0.0,0.1,0.0,0.0,0.05,0.1,0.0,0.0,0.0,0.0,0.05,0.0,1.05,0.15,0.0,100.0,0.0,74.8,Mediano
155,2471,2472,Mark Travers,IRL,GK,Bournemouth,Premier League,23,1999,11,10,945,10.5,0,0.0,0.0,0.0,0.0,0.0,0.0,0.0,0.0,0.0,23.2,30.9,75.3,687.7,498.1,7.9,7.9,100.0,7.81,7.9,98.8,7.43,15.0,49.7,0.0,0.0,0.38,0.0,0.0,0.0,30.9,17.3,13.5,3.05,0.0,0.0,0.0,0.1,0.0,0.0,0.0,0.0,23.2,0.0,0.0,0.0,0.0,0.0,0.0,0.0,0.0,0.0,0.0,0.0,0.0,0.0,0.0,0.0,0.0,0.0,0.0,0.0,0.0,0.0,0.0,0.0,0.0,0.0,0.1,0.0,0.1,0.0,0.0,0.57,0.0,33.7,31.2,33.6,0.1,0.0,0.0,33.7,0.0,0.0,0.0,0.0,0.0,15.1,74.9,39.3,0.0,0.0,0.0,0.0,0.0,11.4,0.0,0.0,0.0,0.0,0.0,0.0,0.0,0.0,0.0,0.0,0.0,0.0,0.48,0.29,0.0,100.0,0.0,74.52000000000001,Mediano
142,2280,2281,Unai Sim�n,ESP,GK,Athletic Club,La Liga,25,1997,21,21,1890,21.0,0,0.0,0.0,0.0,0.0,0.0,0.0,0.0,0.0,0.0,22.0,30.0,73.1,614.9,453.6,3.24,3.29,98.6,12.0,12.2,98.1,6.67,14.3,46.5,0.0,0.0,0.52,0.0,0.0,0.1,30.0,21.9,8.05,1.9,0.0,0.05,0.0,0.0,0.0,0.0,0.0,0.0,22.0,0.14,0.0,0.05,0.05,0.0,0.0,0.0,0.0,0.0,0.0,0.0,0.0,0.0,0.0,0.0,0.0,0.0,0.0,0.0,0.0,0.0,0.0,0.0,0.0,0.0,0.05,0.0,0.05,0.0,0.0,0.38,0.05,31.9,26.0,31.6,0.24,0.0,0.0,31.9,0.0,0.0,0.0,0.0,0.0,18.8,101.7,59.0,0.0,0.0,0.0,0.0,0.0,14.4,0.0,0.05,0.0,0.0,0.0,0.05,0.0,0.0,0.0,0.0,0.0,0.0,1.19,0.0,0.0,0.0,0.0,74.36999999999998,Mediano
85,1544,1545,Agust�n Marches�n,ARG,GK,Celta Vigo,La Liga,34,1988,19,19,1710,19.0,0,0.0,0.0,0.0,0.0,0.0,0.0,0.0,0.0,0.0,23.6,33.4,70.7,678.8,484.3,4.26,4.26,100.0,10.8,11.2,97.2,8.47,17.7,47.8,0.0,0.0,0.32,0.0,0.0,0.05,33.4,23.5,9.68,2.79,0.0,0.05,0.0,0.0,0.0,0.0,0.0,0.0,23.6,0.21,0.0,0.11,0.11,0.0,0.0,0.0,0.0,0.0,0.0,0.0,0.0,0.0,0.0,0.0,0.0,0.0,0.0,0.0,0.0,0.0,0.0,0.05,0.0,0.05,0.0,0.0,0.0,0.0,0.0,0.37,0.0,35.6,28.9,35.4,0.32,0.0,0.0,35.6,0.0,0.0,0.0,0.0,0.0,20.6,91.0,59.1,0.0,0.0,0.0,0.0,0.0,17.1,0.0,0.11,0.0,0.0,0.0,0.21,0.0,0.0,0.0,0.0,0.0,0.0,1.16,0.16,0.0,100.0,0.0,74.28000000000003,Mediano
35,708,709,Marko Dmitrovi?,SRB,GK,Sevilla,La Liga,31,1992,3,2,225,2.5,0,0.0,0.0,0.0,0.0,0.0,0.0,0.0,0.0,0.0,28.8,40.0,72.0,862.0,640.4,4.8,4.8,100.0,14.0,14.0,100.0,10.0,20.8,48.1,0.0,0.0,0.4,0.0,0.0,0.0,40.0,27.2,12.4,5.2,0.0,0.4,0.0,0.0,0.0,0.0,0.0,0.0,28.8,0.4,0.0,0.0,0.0,0.0,0.0,0.0,0.0,0.0,0.0,0.0,0.0,0.0,0.0,0.0,0.0,0.0,0.0,0.0,0.0,0.0,0.0,0.0,0.0,0.0,0.0,0.0,0.0,0.0,0.0,0.8,0.0,44.4,36.0,44.0,0.4,0.0,0.0,44.4,0.0,0.0,0.0,0.0,0.0,23.2,98.0,53.6,0.0,0.0,0.0,0.0,0.0,18.4,0.0,0.4,0.0,0.0,0.0,0.4,0.0,0.0,0.0,0.0,0.0,0.0,1.2,0.4,0.0,100.0,0.0,74.20000000000003,Mediano
139,2254,2255,Luigi Sepe,ITA,GK,Salernitana,Serie A,31,1991,15,15,1350,15.0,0,0.0,0.0,0.0,0.0,0.0,0.0,0.0,0.0,0.0,24.9,36.8,67.6,665.0,498.1,4.4,4.4,100.0,12.5,12.6,99.5,7.8,19.4,40.2,0.0,0.0,0.4,0.0,0.0,0.0,36.8,24.7,11.9,2.93,0.0,0.07,0.0,0.0,0.0,0.0,0.0,0.0,24.9,0.27,0.0,0.07,0.07,0.0,0.0,0.0,0.0,0.0,0.0,0.0,0.0,0.0,0.0,0.0,0.0,0.0,0.0,0.0,0.0,0.0,0.0,0.07,0.0,0.07,0.0,0.0,0.0,0.0,0.0,0.0,0.0,39.4,34.8,39.4,0.0,0.0,0.0,39.4,0.0,0.0,0.0,0.0,0.0,19.3,93.6,68.9,0.0,0.0,0.0,0.07,0.0,15.1,0.0,0.2,0.0,0.0,0.0,0.07,0.0,0.0,0.0,0.0,0.0,0.0,1.6,0.2,0.0,100.0,0.0,72.50000000000001,Mediano
11,292,293,Marco Bizot,NED,GK,Brest,Ligue 1,31,1991,21,21,1890,21.0,0,0.0,0.0,0.0,0.0,0.0,0.0,0.0,0.0,0.0,19.9,27.7,71.8,617.5,445.4,1.95,1.95,100.0,10.3,10.5,98.6,7.52,15.1,49.7,0.0,0.0,0.33,0.05,0.0,0.0,27.7,17.5,10.1,2.57,0.0,0.05,0.0,0.0,0.0,0.0,0.0,0.0,19.9,0.05,0.0,0.14,0.14,0.0,0.0,0.0,0.0,0.0,0.0,0.0,0.0,0.0,0.0,0.0,0.0,0.0,0.0,0.0,0.0,0.0,0.0,0.0,0.0,0.0,0.05,0.0,0.05,0.0,0.0,0.81,0.1,31.0,27.5,31.0,0.0,0.0,0.0,31.0,0.0,0.0,0.0,0.0,0.0,18.3,94.8,45.8,0.0,0.0,0.0,0.0,0.0,11.0,0.0,0.14,0.0,0.0,0.0,0.1,0.0,0.0,0.0,0.0,0.0,0.0,0.71,0.19,0.05,80.0,0.0,72.27999999999997,Mediano
83,1528,1529,Steve Mandanda,FRA,GK,Rennes,Ligue 1,37,1985,20,20,1755,19.5,0,0.0,0.0,0.0,0.0,0.0,0.0,0.0,0.0,0.0,24.2,33.4,72.2,693.1,489.4,4.05,4.15,97.5,11.0,11.2,98.2,8.97,17.8,50.4,0.05,0.05,0.36,0.0,0.0,0.0,33.4,24.5,8.82,3.74,0.0,0.0,0.0,0.0,0.0,0.0,0.0,0.0,24.2,0.1,0.0,0.21,0.21,0.0,0.0,0.0,0.0,0.0,0.1,0.1,0.0,0.0,0.0,0.0,0.0,0.0,0.0,0.0,0.0,0.0,0.0,0.05,0.0,0.05,0.0,0.0,0.0,0.0,0.0,0.15,0.1,34.9,25.5,34.5,0.46,0.0,0.0,34.9,0.05,0.05,100.0,0.0,0.0,24.6,107.7,65.8,0.0,0.0,0.0,0.1,0.0,17.5,0.0,0.05,0.0,0.0,0.05,0.1,0.0,0.0,0.0,0.0,0.05,0.0,1.64,0.15,0.0,100.0,0.0,72.02000000000001,Mediano
137,2238,2239,Alexander Schwolow,GER,GK,Schalke 04,Bundesliga,30,1992,17,17,1530,17.0,0,0.06,0.0,0.0,0.0,0.0,5.5,0.0,0.0,0.0,25.0,37.5,66.7,831.4,671.4,4.12,4.18,98.6,10.3,10.5,98.3,10.5,22.5,46.5,0.0,0.06,1.35,0.06,0.0,0.0,37.5,26.7,10.6,2.76,0.0,0.0,0.0,0.0,0.0,0.0,0.0,0.0,25.0,0.18,0.0,0.47,0.18,0.24,0.0,0.06,0.0,0.0,0.0,0.0,0.0,0.0,0.0,0.0,0.0,0.0,0.0,0.0,0.0,0.0,0.0,0.0,0.0,0.0,0.0,0.0,0.0,0.06,0.06,0.35,0.12,40.4,33.5,40.2,0.18,0.06,0.06,40.4,0.0,0.0,0.0,0.0,0.0,21.4,100.3,52.0,0.0,0.0,0.0,0.0,0.0,18.9,0.0,0.06,0.0,0.0,0.0,0.24,0.0,0.0,0.0,0.0,0.0,0.0,1.59,0.12,0.06,66.7,0.0,71.75,Mediano
25,497,498,Oliver Christensen,DEN,GK,Hertha BSC,Bundesliga,23,1999,19,19,1710,19.0,0,0.0,0.0,0.0,0.0,0.0,0.0,0.0,0.0,0.0,26.2,37.7,69.4,768.8,591.1,4.42,4.42,100.0,12.2,12.5,97.9,9.53,20.6,46.3,0.0,0.0,0.47,0.0,0.0,0.05,37.7,26.4,11.1,3.89,0.0,0.16,0.0,0.0,0.0,0.0,0.0,0.0,26.2,0.21,0.0,0.32,0.26,0.05,0.0,0.0,0.0,0.0,0.05,0.05,0.0,0.0,0.0,0.0,0.0,0.05,0.0,0.05,0.0,0.0,0.0,0.05,0.0,0.05,0.0,0.0,0.0,0.0,0.05,0.79,0.05,40.2,30.1,39.9,0.32,0.0,0.0,40.2,0.11,0.05,50.0,0.05,50.0,21.8,114.6,62.7,0.0,0.0,0.0,0.0,0.05,16.7,0.0,0.05,0.0,0.0,0.0,0.21,0.0,0.0,0.0,0.0,0.0,0.0,1.74,0.21,0.11,66.7,0.0,71.64,Mediano
49,911,912,Gauthier Gallon,FRA,GK,Troyes,Ligue 1,29,1993,15,15,1350,15.0,0,0.0,0.0,0.0,0.0,0.0,0.0,0.0,0.0,0.0,21.1,29.8,70.7,507.6,366.5,5.33,5.33,100.0,10.5,10.7,98.1,4.53,12.8,35.4,0.0,0.07,0.13,0.0,0.0,0.0,29.8,18.7,10.9,3.47,0.0,0.2,0.0,0.0,0.0,0.0,0.0,0.0,21.1,0.2,0.0,0.07,0.07,0.0,0.0,0.0,0.0,0.0,0.0,0.0,0.0,0.0,0.0,0.0,0.0,0.13,0.13,0.13,0.0,0.0,0.13,0.2,66.7,0.07,0.0,0.0,0.0,0.13,0.27,0.53,0.0,33.0,29.8,32.9,0.07,0.0,0.0,33.0,0.0,0.0,0.0,0.0,0.0,19.1,86.3,46.0,0.0,0.07,0.07,0.0,0.0,12.7,0.0,0.2,0.0,0.0,0.07,0.07,0.0,0.0,0.13,0.0,0.07,0.0,1.13,0.27,0.0,100.0,0.0,71.48000000000002,Mediano
97,1751,1752,Yvon Mvogo,SUI,GK,Lorient,Ligue 1,28,1994,14,14,1182,13.1,0,0.0,0.0,0.0,0.0,0.0,0.0,0.0,0.0,0.0,23.8,32.7,72.9,642.8,469.5,6.11,6.11,100.0,9.85,9.85,100.0,7.63,16.3,46.9,0.0,0.0,0.31,0.0,0.0,0.0,32.7,20.9,11.6,3.59,0.0,0.08,0.0,0.0,0.0,0.0,0.0,0.0,23.8,0.15,0.08,0.0,0.0,0.0,0.0,0.0,0.0,0.0,0.0,0.0,0.0,0.0,0.0,0.0,0.0,0.0,0.0,0.0,0.0,0.0,0.0,0.0,0.0,0.0,0.0,0.0,0.0,0.15,0.15,0.23,0.15,34.7,30.6,34.5,0.15,0.0,0.0,34.7,0.08,0.08,100.0,0.0,0.0,22.4,129.0,88.9,0.0,0.0,0.0,0.08,0.0,13.3,0.0,0.0,0.0,0.0,0.0,0.15,0.0,0.0,0.0,0.0,0.0,0.0,0.84,0.23,0.0,100.0,0.0,71.42999999999998,Mediano
37,738,739,Bart?omiej Dr?gowski,POL,GK,Spezia,Serie A,25,1997,20,20,1752,19.5,0,0.0,0.0,0.0,0.0,0.0,0.0,0.0,0.0,0.0,22.4,33.4,67.1,618.6,431.9,5.79,5.85,99.1,9.08,9.18,98.9,7.28,18.0,40.5,0.0,0.0,0.46,0.05,0.0,0.0,33.4,24.5,8.87,2.62,0.0,0.05,0.0,0.0,0.0,0.0,0.0,0.0,22.4,0.05,0.05,0.21,0.15,0.05,0.0,0.0,0.0,0.0,0.0,0.0,0.0,0.0,0.0,0.0,0.0,0.0,0.0,0.0,0.0,0.0,0.0,0.1,0.0,0.1,0.0,0.0,0.0,0.0,0.0,0.51,0.1,36.4,29.9,36.3,0.15,0.0,0.0,36.4,0.0,0.0,0.0,0.0,0.0,21.2,110.1,66.3,0.0,0.0,0.0,0.0,0.0,16.7,0.0,0.05,0.0,0.0,0.0,0.26,0.0,0.0,0.0,0.0,0.0,0.0,1.64,0.31,0.05,85.7,0.0,71.09,Mediano
131,2148,2149,Frederik R�nnow,DEN,GK,Union Berlin,Bundesliga,30,1992,16,16,1440,16.0,0,0.0,0.0,0.0,0.0,0.0,0.0,0.0,0.0,0.0,28.5,41.1,69.4,856.9,675.6,4.94,4.94,100.0,13.9,13.9,100.0,9.63,22.1,43.6,0.0,0.06,1.25,0.13,0.0,0.0,41.1,32.0,9.0,3.19,0.0,0.0,0.0,0.0,0.0,0.0,0.0,0.0,28.5,0.06,0.06,0.25,0.25,0.0,0.0,0.0,0.0,0.0,0.06,0.06,0.0,0.0,0.0,0.0,0.0,0.0,0.0,0.0,0.0,0.0,0.0,0.06,0.0,0.06,0.0,0.0,0.0,0.0,0.0,0.38,0.0,43.1,29.8,42.6,0.56,0.0,0.0,43.1,0.0,0.0,0.0,0.0,0.0,27.2,136.4,87.9,0.0,0.0,0.0,0.0,0.0,22.4,0.0,0.06,0.0,0.0,0.0,0.19,0.0,0.0,0.0,0.0,0.0,0.0,1.69,0.19,0.06,75.0,0.0,70.52999999999997,Mediano
5,139,140,Emil Audero,ITA,GK,Sampdoria,Serie A,26,1997,21,21,1890,21.0,0,0.0,0.0,0.0,0.0,0.0,0.0,0.0,0.0,0.0,23.9,36.3,65.7,743.9,548.6,3.52,3.52,100.0,9.62,9.71,99.0,10.7,22.7,47.1,0.0,0.0,0.57,0.0,0.0,0.0,36.3,24.9,11.1,3.48,0.0,0.0,0.0,0.0,0.0,0.0,0.0,0.0,23.9,0.24,0.1,0.19,0.19,0.0,0.0,0.0,0.0,0.0,0.0,0.0,0.0,0.0,0.0,0.0,0.0,0.0,0.0,0.0,0.0,0.0,0.0,0.1,0.0,0.1,0.0,0.0,0.0,0.0,0.0,0.24,0.0,39.0,31.8,38.4,0.67,0.0,0.0,39.0,0.0,0.0,0.0,0.0,0.0,21.3,116.3,71.8,0.0,0.0,0.0,0.05,0.0,16.4,0.0,0.05,0.0,0.0,0.0,0.1,0.0,0.0,0.0,0.0,0.0,0.05,1.52,0.19,0.0,100.0,0.0,70.44000000000001,Mediano
120,2026,2027,Ionu? Radu,ROU,GK,Auxerre,Ligue 1,25,1997,3,3,270,3.0,0,0.0,0.0,0.0,0.0,0.0,0.0,0.0,0.0,0.0,25.7,34.7,74.0,722.0,540.7,3.0,3.0,100.0,14.3,14.3,100.0,8.0,17.0,47.1,0.0,0.0,1.0,0.0,0.0,0.0,34.7,27.3,7.33,2.33,0.0,0.0,0.0,0.0,0.0,0.0,0.0,0.0,25.7,0.0,0.0,0.0,0.0,0.0,0.0,0.0,0.0,0.0,0.0,0.0,0.0,0.0,0.0,0.0,0.0,0.0,0.0,0.0,0.0,0.0,0.0,0.0,0.0,0.0,0.0,0.0,0.0,0.0,0.0,0.0,0.0,36.0,29.7,35.3,0.67,0.0,0.0,36.0,0.0,0.0,0.0,0.0,0.0,28.7,141.0,91.3,0.0,0.0,0.0,0.33,0.0,19.0,0.0,0.0,0.0,0.0,0.0,0.0,0.0,0.0,0.0,0.0,0.0,0.0,2.33,0.0,0.0,0.0,0.0,70.38999999999999,Mediano
27,555,556,Beno�t Costil,FRA,GK,Auxerre,Ligue 1,35,1987,19,19,1710,19.0,0,0.0,0.0,0.0,0.0,0.0,0.0,0.0,0.0,0.0,21.8,31.2,69.8,726.4,547.5,2.84,2.84,100.0,9.11,9.42,96.6,9.79,18.8,52.1,0.0,0.0,0.58,0.0,0.0,0.05,31.2,19.6,11.5,4.26,0.0,0.16,0.0,0.0,0.0,0.0,0.0,0.0,21.8,0.11,0.0,0.21,0.11,0.11,0.0,0.0,0.0,0.0,0.0,0.0,0.0,0.0,0.0,0.0,0.0,0.11,0.0,0.11,0.0,0.0,0.11,0.21,50.0,0.11,0.0,0.0,0.0,0.0,0.11,0.26,0.0,33.6,27.9,33.4,0.16,0.0,0.0,33.6,0.05,0.05,100.0,0.0,0.0,19.8,99.9,51.3,0.0,0.0,0.0,0.0,0.0,13.4,0.0,0.0,0.0,0.0,0.0,0.0,0.0,0.0,0.0,0.0,0.0,0.0,0.95,0.11,0.0,100.0,0.0,68.58,Mediano
138,2246,2247,Matz Sels,BEL,GK,Strasbourg,Ligue 1,30,1992,22,22,1980,22.0,0,0.0,0.0,0.0,0.0,0.0,0.0,0.0,0.0,0.0,18.5,27.0,68.8,523.0,396.3,3.77,3.77,100.0,8.23,8.41,97.8,6.45,14.6,44.2,0.0,0.05,0.45,0.0,0.0,0.0,27.0,19.0,7.86,2.64,0.0,0.0,0.0,0.05,0.0,0.0,0.0,0.0,18.5,0.09,0.0,0.05,0.05,0.0,0.0,0.0,0.0,0.0,0.0,0.0,0.0,0.0,0.0,0.0,0.0,0.09,0.05,0.09,0.0,0.0,0.09,0.09,100.0,0.0,0.0,0.0,0.0,0.09,0.18,0.68,0.0,30.0,25.9,29.8,0.32,0.0,0.0,30.0,0.0,0.0,0.0,0.0,0.0,19.0,100.5,64.2,0.0,0.0,0.0,0.05,0.0,12.5,0.0,0.09,0.0,0.0,0.0,0.09,0.0,0.0,0.05,0.0,0.0,0.0,0.91,0.27,0.0,100.0,0.0,68.57000000000002,Mediano
60,1095,1096,Wayne Hennessey,WAL,GK,Nott'ham Forest,Premier League,36,1987,2,2,180,2.0,0,0.0,0.0,0.0,0.0,0.0,0.0,0.0,0.0,0.0,22.5,28.0,80.4,755.0,566.5,1.5,1.5,100.0,11.0,11.0,100.0,10.0,15.5,64.5,0.0,0.0,1.0,0.0,0.0,0.0,28.0,19.0,9.0,1.5,0.0,0.0,0.0,0.0,0.0,0.0,0.0,0.0,22.5,0.0,0.0,0.0,0.0,0.0,0.0,0.0,0.0,0.0,0.0,0.0,0.0,0.0,0.0,0.0,0.0,0.5,0.0,0.5,0.0,0.0,0.5,0.5,100.0,0.0,0.0,0.0,0.0,0.0,0.5,0.5,0.0,32.0,26.0,32.0,0.0,0.0,0.0,32.0,0.0,0.0,0.0,0.0,0.0,17.0,73.0,55.5,0.0,0.0,0.0,0.0,0.0,15.0,0.0,0.0,0.0,0.0,0.0,0.5,0.0,0.0,0.0,0.0,0.0,0.0,0.0,0.0,0.0,0.0,0.0,68.5,Mediano
161,2668,2669,Michael Zetterer,GER,GK,Werder Bremen,Bundesliga,27,1995,1,0,62,0.7,0,0.0,0.0,0.0,0.0,0.0,0.0,0.0,0.0,0.0,30.0,45.7,65.6,1037.1,764.3,2.86,2.86,100.0,10.0,10.0,100.0,17.1,32.9,52.2,0.0,0.0,1.43,0.0,0.0,0.0,45.7,38.6,7.14,2.86,0.0,0.0,0.0,0.0,0.0,0.0,0.0,0.0,30.0,0.0,0.0,0.0,0.0,0.0,0.0,0.0,0.0,0.0,0.0,0.0,0.0,0.0,0.0,0.0,0.0,0.0,0.0,0.0,0.0,0.0,0.0,0.0,0.0,0.0,0.0,0.0,0.0,0.0,0.0,1.43,0.0,47.1,42.9,47.1,0.0,0.0,0.0,47.1,0.0,0.0,0.0,0.0,0.0,28.6,215.7,130.0,0.0,0.0,0.0,0.0,0.0,20.0,0.0,0.0,0.0,0.0,0.0,0.0,0.0,0.0,0.0,0.0,0.0,0.0,1.43,1.43,0.0,100.0,0.0,66.84999999999997,Mediano
140,2271,2272,Rui Silva,POR,GK,Betis,La Liga,29,1994,18,18,1620,18.0,0,0.0,0.0,0.0,0.0,0.0,0.0,0.0,0.0,0.0,23.6,35.1,67.2,724.0,550.2,4.06,4.11,98.6,9.67,9.94,97.2,9.72,20.8,46.8,0.0,0.0,0.67,0.06,0.0,0.0,35.1,21.8,13.1,4.5,0.06,0.0,0.0,0.0,0.0,0.0,0.0,0.0,23.6,0.11,0.0,0.06,0.06,0.0,0.0,0.0,0.0,0.0,0.0,0.0,0.0,0.0,0.0,0.0,0.0,0.17,0.06,0.17,0.0,0.0,0.17,0.17,100.0,0.0,0.0,0.0,0.0,0.0,0.17,0.39,0.06,36.8,30.7,36.6,0.22,0.0,0.0,36.8,0.0,0.0,0.0,0.0,0.0,17.7,91.7,51.8,0.0,0.0,0.0,0.0,0.0,14.3,0.0,0.11,0.0,0.0,0.0,0.0,0.0,0.0,0.06,0.0,0.0,0.0,1.83,0.17,0.0,100.0,0.0,66.74000000000001,Mediano
106,1839,1840,Jonas Omlin,SUI,GK,Montpellier,Ligue 1,29,1994,14,14,1166,13.0,0,0.0,0.0,0.0,0.0,0.0,0.0,0.0,0.0,0.0,22.7,31.9,71.1,618.6,458.3,4.08,4.15,98.1,11.9,12.2,98.1,6.62,15.5,42.6,0.0,0.0,0.31,0.0,0.0,0.0,31.9,21.8,10.2,3.62,0.0,0.15,0.0,0.0,0.0,0.0,0.0,0.0,22.7,0.0,0.0,0.08,0.08,0.0,0.0,0.0,0.0,0.0,0.0,0.0,0.0,0.0,0.0,0.0,0.0,0.08,0.0,0.08,0.0,0.0,0.0,0.0,0.0,0.0,0.0,0.0,0.0,0.0,0.08,0.62,0.08,34.6,28.1,34.5,0.15,0.0,0.0,34.6,0.08,0.0,0.0,0.08,100.0,22.9,130.2,78.8,0.0,0.0,0.0,0.0,0.0,13.2,0.0,0.08,0.08,0.0,0.08,0.23,0.0,0.0,0.0,0.0,0.0,0.0,1.23,0.23,0.0,100.0,0.0,65.27000000000001,Mediano
94,1702,1703,Lorenzo Montip�,ITA,GK,Hellas Verona,Serie A,26,1996,21,21,1890,21.0,0,0.0,0.0,0.0,0.0,0.0,0.0,0.0,0.0,0.0,20.7,31.8,65.2,791.7,662.6,2.33,2.38,98.0,6.9,7.1,97.3,11.3,22.0,51.4,0.0,0.0,1.71,0.05,0.0,0.0,31.8,20.8,10.9,2.9,0.0,0.05,0.0,0.0,0.0,0.0,0.0,0.0,20.7,0.1,0.0,0.33,0.1,0.24,0.0,0.0,0.0,0.0,0.0,0.0,0.0,0.0,0.0,0.0,0.0,0.0,0.0,0.0,0.0,0.0,0.0,0.1,0.0,0.1,0.05,0.0,0.05,0.0,0.0,1.1,0.1,35.4,28.3,35.1,0.43,0.0,0.0,35.4,0.0,0.0,0.0,0.0,0.0,15.4,108.5,57.6,0.0,0.05,0.0,0.19,0.0,12.3,0.0,0.0,0.0,0.0,0.0,0.1,0.0,0.0,0.0,0.0,0.0,0.0,1.86,0.1,0.1,50.0,0.0,63.08,Mediano
55,1013,1014,Lennart Grill,GER,GK,Union Berlin,Bundesliga,24,1999,4,4,360,4.0,0,0.0,0.0,0.0,0.0,0.0,0.0,0.0,0.0,0.0,30.3,43.3,69.9,959.3,766.8,4.5,4.5,100.0,14.3,14.5,98.3,11.5,24.0,47.9,0.0,0.0,2.0,0.0,0.0,0.0,43.3,37.5,5.75,3.0,0.0,0.0,0.0,0.0,0.0,0.0,0.0,0.0,30.3,0.0,0.25,0.5,0.5,0.0,0.0,0.0,0.0,0.0,0.0,0.0,0.0,0.0,0.0,0.0,0.0,0.0,0.0,0.0,0.0,0.0,0.0,0.25,0.0,0.25,0.0,0.0,0.0,0.0,0.0,0.0,0.25,45.0,31.5,43.8,1.25,0.0,0.0,45.0,0.0,0.0,0.0,0.0,0.0,29.8,148.0,92.5,0.0,0.0,0.0,0.0,0.0,27.0,0.0,0.0,0.0,0.0,0.0,0.0,0.0,0.0,0.0,0.0,0.0,0.0,1.0,0.5,0.0,100.0,0.0,62.50000000000003,Mediano
43,841,842,Aitor Fern�ndez,ESP,GK,Osasuna,La Liga,31,1991,10,10,900,10.0,0,0.0,0.0,0.0,0.0,0.0,0.0,0.0,0.0,0.0,25.6,38.8,66.0,897.2,750.9,2.1,2.2,95.5,10.2,10.8,94.4,13.3,25.6,52.0,0.0,0.0,1.5,0.0,0.0,0.1,38.8,26.8,11.9,4.5,0.0,0.1,0.0,0.0,0.0,0.0,0.0,0.0,25.6,0.1,0.0,0.2,0.1,0.1,0.0,0.0,0.0,0.0,0.0,0.0,0.0,0.0,0.0,0.0,0.0,0.1,0.1,0.1,0.0,0.0,0.0,0.1,0.0,0.1,0.0,0.0,0.0,0.1,0.2,0.9,0.0,41.2,34.7,40.9,0.3,0.0,0.0,41.2,0.0,0.0,0.0,0.0,0.0,22.6,112.4,72.6,0.0,0.0,0.0,0.1,0.0,16.1,0.0,0.1,0.0,0.0,0.0,0.0,0.0,0.0,0.1,0.0,0.0,0.0,1.5,0.2,0.0,100.0,0.0,62.400000000000034,Mediano
47,869,870,Yahia Fofana,FRA,GK,Angers,Ligue 1,22,2000,8,8,720,8.0,0,0.0,0.0,0.0,0.0,0.0,0.0,0.0,0.0,0.0,21.6,30.4,71.2,579.1,421.6,3.88,3.88,100.0,10.4,10.5,98.8,7.25,15.9,45.7,0.0,0.0,0.25,0.0,0.0,0.0,30.4,21.3,9.13,2.5,0.0,0.0,0.0,0.0,0.0,0.0,0.0,0.0,21.6,0.0,0.0,0.25,0.25,0.0,0.0,0.0,0.0,0.0,0.13,0.13,0.0,0.0,0.0,0.0,0.0,0.0,0.0,0.0,0.0,0.0,0.0,0.0,0.0,0.0,0.0,0.0,0.0,0.13,0.13,0.13,0.13,32.6,29.1,32.4,0.25,0.0,0.0,32.6,0.13,0.13,100.0,0.0,0.0,22.3,126.6,92.5,0.0,0.13,0.13,0.0,0.0,12.4,0.0,0.13,0.0,0.0,0.0,0.13,0.0,0.0,0.0,0.0,0.0,0.0,1.38,0.38,0.0,100.0,0.0,61.870000000000026,Mediano
124,2051,2052,David Raya,ESP,GK,Brentford,Premier League,27,1995,22,22,1980,22.0,0,0.0,0.0,0.0,0.0,0.0,0.0,0.0,0.0,0.0,26.9,42.6,63.2,921.0,727.8,3.73,3.91,95.3,10.4,10.6,97.4,12.8,27.9,45.8,0.0,0.09,1.95,0.14,0.0,0.36,42.6,30.0,12.5,4.73,0.0,0.55,0.0,0.0,0.0,0.0,0.0,0.0,26.9,0.09,0.05,0.32,0.18,0.14,0.0,0.0,0.0,0.0,0.05,0.0,0.05,0.0,0.0,0.0,0.0,0.0,0.0,0.0,0.0,0.0,0.0,0.09,0.0,0.09,0.05,0.0,0.05,0.0,0.0,0.27,0.05,45.0,32.6,42.3,2.82,0.0,0.0,45.0,0.05,0.05,100.0,0.0,0.0,27.3,168.9,111.4,0.0,0.0,0.0,0.0,0.0,19.7,0.0,0.05,0.0,0.0,0.0,0.09,0.0,0.0,0.0,0.0,0.0,0.0,1.27,0.5,0.05,91.7,0.0,61.75999999999999,Mediano
2,116,117,Alphonse Areola,FRA,GK,West Ham,Premier League,29,1993,2,0,107,1.2,0,0.0,0.0,0.0,0.0,0.0,0.0,0.0,0.0,0.0,24.2,35.0,69.0,710.0,580.0,7.5,7.5,100.0,8.33,8.33,100.0,8.33,18.3,45.5,0.0,0.0,0.0,0.0,0.0,0.0,35.0,25.0,9.17,0.83,0.0,0.0,0.0,0.0,0.0,0.0,0.0,0.0,24.2,0.83,0.0,0.0,0.0,0.0,0.0,0.0,0.0,0.0,0.0,0.0,0.0,0.0,0.0,0.0,0.0,0.0,0.0,0.0,0.0,0.0,0.0,0.0,0.0,0.0,0.0,0.0,0.0,0.0,0.0,0.0,0.0,35.8,34.2,35.8,0.0,0.0,0.0,35.8,0.0,0.0,0.0,0.0,0.0,21.7,76.7,35.8,0.0,0.0,0.0,0.0,0.0,22.5,0.0,0.0,0.0,0.0,0.83,0.0,0.0,0.0,0.0,0.0,0.83,0.0,0.83,0.0,0.0,0.0,0.0,61.40999999999998,Mediano
70,1403,1404,Benjamin Lecomte,FRA,GK,Montpellier,Ligue 1,31,1991,3,3,270,3.0,0,0.0,0.0,0.0,0.0,0.0,0.0,0.0,0.0,0.0,25.0,35.3,70.8,697.3,530.0,4.67,4.67,100.0,11.7,12.0,97.2,8.67,18.7,46.4,0.0,0.0,0.0,0.0,0.0,0.0,35.3,22.7,12.7,3.0,0.0,0.0,0.0,0.0,0.0,0.0,0.0,0.0,25.0,0.0,0.0,0.0,0.0,0.0,0.0,0.0,0.0,0.0,0.0,0.0,0.0,0.0,0.0,0.0,0.0,0.0,0.0,0.0,0.0,0.0,0.0,0.33,0.0,0.33,0.0,0.0,0.0,0.0,0.0,0.0,0.0,38.3,31.3,37.7,0.67,0.0,0.0,38.3,0.0,0.0,0.0,0.0,0.0,22.0,119.7,85.0,0.0,0.0,0.0,0.0,0.0,15.0,0.0,0.0,0.0,0.0,0.0,0.0,0.0,0.0,0.0,0.0,0.0,0.0,1.33,0.0,0.0,0.0,0.0,61.09000000000002,Mediano
119,2025,2026,Ionu? Radu,ROU,GK,Cremonese,Serie A,25,1997,9,9,810,9.0,0,0.0,0.0,0.0,0.0,0.0,0.0,0.0,0.0,0.0,24.6,37.3,65.8,679.7,487.9,5.67,5.78,98.1,11.1,11.3,98.0,7.67,19.7,39.0,0.0,0.22,1.11,0.22,0.0,0.0,37.3,27.6,9.33,1.89,0.0,0.0,0.0,0.0,0.0,0.0,0.0,0.0,24.6,0.44,0.0,0.67,0.56,0.11,0.0,0.0,0.0,0.0,0.0,0.0,0.0,0.0,0.0,0.0,0.0,0.0,0.0,0.0,0.0,0.0,0.0,0.0,0.0,0.0,0.0,0.0,0.0,0.0,0.0,0.11,0.33,40.7,33.9,40.7,0.0,0.0,0.0,40.7,0.0,0.0,0.0,0.0,0.0,22.8,121.0,85.8,0.0,0.0,0.0,0.0,0.0,18.9,0.0,0.0,0.0,0.0,0.0,0.11,0.0,0.0,0.0,0.0,0.0,0.0,1.22,0.33,0.11,75.0,0.0,60.67000000000003,Mediano
59,1091,1092,Dean Henderson,ENG,GK,Nott'ham Forest,Premier League,25,1997,18,18,1620,18.0,0,0.0,0.0,0.0,0.0,0.0,0.0,0.0,0.0,0.0,23.6,37.3,63.3,696.8,491.0,4.44,4.44,100.0,10.3,10.4,98.9,8.83,22.2,39.8,0.0,0.0,0.61,0.06,0.0,0.0,37.3,25.3,11.9,3.22,0.0,0.0,0.0,0.0,0.0,0.0,0.0,0.0,23.6,0.11,0.0,0.17,0.17,0.0,0.0,0.0,0.0,0.0,0.0,0.0,0.0,0.0,0.0,0.0,0.0,0.0,0.0,0.0,0.0,0.0,0.0,0.0,0.0,0.0,0.0,0.0,0.0,0.0,0.0,0.67,0.06,39.7,33.3,39.5,0.28,0.0,0.0,39.7,0.0,0.0,0.0,0.0,0.0,22.1,124.6,69.2,0.0,0.0,0.0,0.06,0.0,17.7,0.0,0.11,0.0,0.0,0.06,0.06,0.0,0.0,0.0,0.0,0.06,0.0,0.61,0.06,0.0,100.0,0.0,60.57000000000002,Mediano
30,650,651,R�my Descamps,FRA,GK,Nantes,Ligue 1,26,1996,1,1,90,1.0,0,0.0,0.0,0.0,0.0,0.0,0.0,0.0,0.0,0.0,22.0,26.0,84.6,684.0,521.0,2.0,2.0,100.0,10.0,10.0,100.0,9.0,13.0,69.2,0.0,0.0,1.0,0.0,0.0,0.0,26.0,18.0,8.0,2.0,0.0,0.0,0.0,0.0,0.0,0.0,0.0,0.0,22.0,0.0,0.0,0.0,0.0,0.0,0.0,0.0,0.0,0.0,0.0,0.0,0.0,0.0,0.0,0.0,0.0,0.0,0.0,0.0,0.0,0.0,0.0,0.0,0.0,0.0,0.0,0.0,0.0,0.0,0.0,0.0,0.0,28.0,26.0,28.0,0.0,0.0,0.0,28.0,0.0,0.0,0.0,0.0,0.0,18.0,149.0,124.0,0.0,0.0,0.0,0.0,0.0,5.0,0.0,1.0,0.0,0.0,0.0,0.0,0.0,0.0,0.0,0.0,0.0,0.0,0.0,0.0,0.0,0.0,0.0,60.0,Mediano
48,876,877,Fraser Forster,ENG,GK,Tottenham,Premier League,34,1988,2,2,180,2.0,0,0.0,0.0,0.0,0.0,0.0,0.0,0.0,0.0,0.0,17.5,21.5,81.4,432.0,309.5,3.5,3.5,100.0,9.0,9.0,100.0,5.0,8.5,58.8,0.0,0.0,0.0,0.0,0.0,0.0,21.5,15.5,5.5,0.5,0.0,0.0,0.0,0.0,0.0,0.0,0.0,0.0,17.5,0.5,0.0,0.0,0.0,0.0,0.0,0.0,0.0,0.0,0.0,0.0,0.0,0.0,0.0,0.0,0.0,0.0,0.0,0.0,0.0,0.0,0.0,0.0,0.0,0.0,0.0,0.0,0.0,0.0,0.0,0.5,0.0,24.0,23.0,24.0,0.0,0.0,0.0,24.0,0.0,0.0,0.0,0.0,0.0,12.5,79.0,50.0,0.0,0.0,0.0,0.0,0.0,9.0,0.0,0.0,0.0,0.0,0.0,0.5,0.0,0.0,0.0,0.0,0.0,0.0,1.0,0.0,0.0,0.0,0.0,60.0,Mediano
40,808,809,?ukasz Fabia?ski,POL,GK,West Ham,Premier League,37,1985,22,22,1873,20.8,0,0.0,0.0,0.0,0.0,0.0,0.0,0.0,0.0,0.0,17.9,27.3,65.6,556.4,435.7,3.7,3.7,100.0,6.68,6.73,99.3,7.4,16.6,44.6,0.0,0.0,0.38,0.0,0.0,0.0,27.3,18.1,9.04,2.45,0.0,0.1,0.0,0.0,0.0,0.0,0.0,0.0,17.9,0.14,0.0,0.1,0.0,0.1,0.0,0.0,0.0,0.0,0.0,0.0,0.0,0.0,0.0,0.0,0.0,0.0,0.0,0.0,0.0,0.0,0.0,0.0,0.0,0.0,0.0,0.0,0.0,0.0,0.0,0.19,0.0,29.3,25.8,29.2,0.1,0.0,0.0,29.3,0.0,0.0,0.0,0.0,0.0,15.4,101.5,68.5,0.0,0.0,0.0,0.05,0.0,10.8,0.0,0.0,0.0,0.0,0.0,0.14,0.0,0.0,0.0,0.0,0.0,0.0,0.48,0.48,0.05,90.9,0.0,59.44999999999998,Mediano
116,1993,1994,Nick Pope,ENG,GK,Newcastle Utd,Premier League,30,1992,22,22,1980,22.0,0,0.0,0.0,0.0,0.0,0.0,0.0,0.0,0.0,0.0,17.6,25.7,68.5,489.5,336.5,3.5,3.5,100.0,8.05,8.32,96.7,5.91,13.7,43.0,0.0,0.0,0.41,0.0,0.0,0.05,25.7,17.9,7.82,2.23,0.0,0.05,0.0,0.0,0.0,0.0,0.0,0.0,17.6,0.0,0.0,0.05,0.0,0.05,0.0,0.0,0.0,0.0,0.0,0.0,0.0,0.0,0.0,0.0,0.0,0.05,0.0,0.05,0.0,0.0,0.05,0.14,33.3,0.09,0.0,0.0,0.0,0.0,0.05,0.82,0.05,27.9,23.3,27.7,0.23,0.0,0.0,27.9,0.0,0.0,0.0,0.0,0.0,14.7,89.8,54.5,0.0,0.0,0.0,0.0,0.0,9.77,0.0,0.14,0.0,0.0,0.0,0.0,0.0,0.0,0.0,0.0,0.0,0.0,0.77,0.09,0.0,100.0,0.0,59.43000000000003,Mediano
154,2470,2471,Kevin Trapp,GER,GK,Eint Frankfurt,Bundesliga,32,1990,18,18,1620,18.0,0,0.0,0.0,0.0,0.0,0.0,0.0,0.0,0.0,0.0,17.4,26.2,66.3,453.2,295.7,3.67,3.72,98.5,8.67,8.83,98.1,4.94,13.3,37.1,0.0,0.0,0.22,0.0,0.0,0.0,26.2,17.3,8.67,1.61,0.0,0.22,0.0,0.0,0.0,0.0,0.0,0.0,17.4,0.22,0.0,0.06,0.06,0.0,0.0,0.0,0.0,0.0,0.0,0.0,0.0,0.0,0.0,0.0,0.0,0.06,0.06,0.06,0.0,0.0,0.0,0.0,0.0,0.0,0.11,0.0,0.11,0.0,0.06,0.28,0.0,28.4,25.7,28.3,0.06,0.0,0.0,28.4,0.0,0.0,0.0,0.0,0.0,14.3,70.2,42.9,0.0,0.0,0.0,0.0,0.0,11.4,0.0,0.11,0.0,0.0,0.0,0.11,0.0,0.0,0.06,0.0,0.0,0.0,0.89,0.06,0.0,100.0,0.0,59.24999999999999,Mediano
74,1439,1440,Mateusz Lis,POL,GK,Troyes,Ligue 1,25,1997,7,7,630,7.0,0,0.0,0.0,0.0,0.0,0.0,0.0,0.0,0.0,0.0,25.9,37.6,68.8,689.6,524.1,6.43,6.57,97.8,10.6,11.1,94.9,8.29,19.3,43.0,0.0,0.0,0.71,0.0,0.0,0.0,37.6,24.1,13.4,4.14,0.0,0.0,0.0,0.0,0.0,0.0,0.0,0.0,25.9,0.0,0.0,0.0,0.0,0.0,0.0,0.0,0.0,0.0,0.0,0.0,0.0,0.0,0.0,0.0,0.0,0.0,0.0,0.0,0.0,0.0,0.0,0.0,0.0,0.0,0.14,0.0,0.14,0.0,0.0,0.43,0.0,41.0,31.9,40.6,0.43,0.0,0.0,41.0,0.0,0.0,0.0,0.0,0.0,25.4,137.7,89.4,0.0,0.0,0.0,0.0,0.0,15.6,0.0,0.14,0.0,0.0,0.14,0.29,0.0,0.0,0.0,0.0,0.0,0.0,0.86,0.14,0.0,100.0,0.0,59.22,Mediano
84,1535,1536,Vito Mannone,ITA,GK,Lorient,Ligue 1,34,1988,9,8,798,8.9,0,0.0,0.0,0.0,0.0,0.0,0.0,0.0,0.0,0.0,21.5,31.2,68.7,525.6,346.1,4.38,4.38,100.0,12.2,12.4,99.1,4.72,14.4,32.8,0.0,0.0,0.11,0.0,0.0,0.0,31.2,20.4,10.8,3.37,0.0,0.0,0.0,0.0,0.0,0.0,0.0,0.0,21.5,0.0,0.0,0.0,0.0,0.0,0.0,0.0,0.0,0.0,0.0,0.0,0.0,0.0,0.0,0.0,0.0,0.0,0.0,0.0,0.0,0.0,0.0,0.0,0.0,0.0,0.0,0.0,0.0,0.0,0.0,0.34,0.22,33.8,29.9,33.7,0.11,0.0,0.0,33.8,0.0,0.0,0.0,0.0,0.0,22.2,117.4,82.7,0.0,0.0,0.0,0.0,0.0,12.9,0.0,0.0,0.0,0.0,0.0,0.0,0.0,0.0,0.0,0.0,0.0,0.0,0.9,0.11,0.0,100.0,0.0,58.02,Mediano
121,2028,2029,Predrag Rajkovi?,SRB,GK,Mallorca,La Liga,27,1995,21,21,1890,21.0,0,0.0,0.0,0.0,0.0,0.0,0.0,0.0,0.0,0.0,21.6,33.9,63.6,768.0,624.6,2.67,2.71,98.2,8.1,8.19,98.8,10.6,22.7,46.5,0.0,0.05,1.05,0.0,0.0,0.05,33.9,21.0,12.9,3.48,0.0,0.1,0.0,0.0,0.0,0.0,0.0,0.0,21.6,0.05,0.0,0.24,0.19,0.05,0.0,0.0,0.0,0.0,0.0,0.0,0.0,0.0,0.0,0.0,0.0,0.0,0.0,0.0,0.0,0.0,0.0,0.05,0.0,0.05,0.0,0.0,0.0,0.0,0.0,0.57,0.0,36.1,29.4,35.8,0.38,0.0,0.0,36.1,0.19,0.14,75.0,0.05,25.0,18.2,122.4,73.3,0.0,0.0,0.0,0.1,0.05,13.6,0.0,0.1,0.0,0.0,0.05,0.14,0.0,0.0,0.0,0.0,0.05,0.0,0.71,0.05,0.0,100.0,0.0,57.43000000000001,Mediano
143,2285,2286,Tobias Sippel,GER,GK,M'Gladbach,Bundesliga,34,1988,3,3,270,3.0,0,0.0,0.0,0.0,0.0,0.0,0.0,0.0,0.0,0.0,30.3,46.3,65.5,663.7,458.7,10.0,10.0,100.0,14.3,14.3,100.0,5.67,21.7,26.2,0.0,0.0,0.33,0.0,0.0,0.0,46.3,32.7,13.7,4.0,0.0,0.0,0.0,0.0,0.0,0.0,0.0,0.0,30.3,0.0,0.0,0.0,0.0,0.0,0.0,0.0,0.0,0.0,0.0,0.0,0.0,0.0,0.0,0.0,0.0,0.0,0.0,0.0,0.0,0.0,0.0,0.0,0.0,0.0,0.0,0.0,0.0,0.0,0.0,0.33,0.33,47.7,39.7,47.7,0.0,0.0,0.0,47.7,0.0,0.0,0.0,0.0,0.0,23.7,111.0,74.0,0.0,0.0,0.0,0.0,0.0,25.3,0.0,0.33,0.0,0.0,0.0,0.0,0.0,0.0,0.0,0.0,0.0,0.0,0.67,0.67,0.33,66.7,0.0,57.14000000000003,Mediano
9,232,233,Asmir Begovi?,BIH,GK,Everton,Premier League,35,1987,1,1,90,1.0,0,0.0,0.0,0.0,0.0,0.0,0.0,0.0,0.0,0.0,21.0,30.0,70.0,584.0,423.0,3.0,3.0,100.0,10.0,10.0,100.0,8.0,17.0,47.1,0.0,0.0,0.0,0.0,0.0,0.0,30.0,21.0,9.0,1.0,0.0,0.0,0.0,0.0,0.0,0.0,0.0,0.0,21.0,0.0,0.0,0.0,0.0,0.0,0.0,0.0,0.0,0.0,0.0,0.0,0.0,0.0,0.0,0.0,0.0,0.0,0.0,0.0,0.0,0.0,0.0,0.0,0.0,0.0,0.0,0.0,0.0,0.0,0.0,1.0,0.0,33.0,31.0,33.0,0.0,0.0,0.0,33.0,0.0,0.0,0.0,0.0,0.0,19.0,75.0,47.0,0.0,0.0,0.0,0.0,0.0,13.0,0.0,0.0,0.0,0.0,0.0,0.0,0.0,0.0,0.0,0.0,0.0,0.0,0.0,1.0,0.0,100.0,0.0,57.0,Mediano
103,1818,1819,Jan Oblak,SVN,GK,Atl�tico Madrid,La Liga,30,1993,18,18,1592,17.7,0,0.0,0.0,0.0,0.0,0.0,0.0,0.0,0.0,0.0,18.2,28.6,63.6,519.1,390.6,3.5,3.5,100.0,8.36,8.53,98.0,6.21,16.3,38.2,0.0,0.0,0.06,0.0,0.0,0.0,28.6,18.1,10.3,2.49,0.0,0.0,0.0,0.0,0.0,0.0,0.0,0.0,18.2,0.17,0.0,0.11,0.11,0.0,0.0,0.0,0.0,0.0,0.0,0.0,0.0,0.0,0.0,0.0,0.0,0.0,0.0,0.0,0.0,0.0,0.0,0.0,0.0,0.0,0.0,0.0,0.0,0.0,0.0,0.28,0.0,30.0,27.3,29.8,0.17,0.0,0.0,30.0,0.0,0.0,0.0,0.0,0.0,14.7,69.5,35.6,0.0,0.0,0.0,0.0,0.0,12.8,0.0,0.06,0.0,0.0,0.0,0.17,0.0,0.0,0.0,0.0,0.0,0.0,1.07,0.06,0.0,100.0,0.0,56.209999999999994,Mediano
127,2082,2083,Manuel Riemann,GER,GK,Bochum,Bundesliga,34,1988,20,20,1800,20.0,0,0.0,0.0,0.0,0.0,0.0,0.0,0.0,0.0,0.0,31.6,52.4,60.3,1249.3,1089.2,2.65,2.7,98.1,8.65,8.9,97.2,20.3,40.3,50.4,0.0,0.1,3.95,0.25,0.05,0.65,52.4,38.5,13.4,5.6,0.0,0.85,0.05,0.0,0.0,0.0,0.0,0.0,31.6,0.4,0.15,0.65,0.45,0.2,0.0,0.0,0.0,0.0,0.0,0.0,0.0,0.0,0.0,0.0,0.0,0.1,0.05,0.1,0.0,0.0,0.1,0.1,100.0,0.0,0.05,0.0,0.05,0.15,0.25,0.75,0.2,56.1,35.8,51.7,4.6,0.0,0.0,56.1,0.0,0.0,0.0,0.0,0.0,32.3,173.7,113.8,0.0,0.0,0.0,0.0,0.0,26.1,0.0,0.05,0.0,0.0,0.05,0.1,0.0,0.05,0.05,0.0,0.05,0.0,3.0,0.3,0.1,75.0,0.0,56.050000000000026,Mediano
4,129,130,Sergio Asenjo,ESP,GK,Valladolid,La Liga,33,1989,5,5,450,5.0,0,0.0,0.0,0.0,0.0,0.0,0.0,0.0,0.0,0.0,24.2,36.2,66.9,743.2,533.6,3.6,3.6,100.0,12.0,12.4,96.8,8.2,19.6,41.8,0.0,0.0,0.6,0.0,0.0,0.0,36.2,22.8,13.4,3.6,0.0,0.4,0.0,0.0,0.0,0.0,0.0,0.0,24.2,0.0,0.0,0.2,0.0,0.2,0.0,0.0,0.0,0.0,0.0,0.0,0.0,0.0,0.0,0.0,0.0,0.0,0.0,0.0,0.0,0.0,0.0,0.0,0.0,0.0,0.0,0.0,0.0,0.0,0.0,1.2,0.4,38.6,31.6,38.6,0.0,0.0,0.0,38.6,0.0,0.0,0.0,0.0,0.0,17.4,61.8,30.8,0.0,0.0,0.0,0.2,0.0,16.8,0.0,0.0,0.0,0.0,0.0,0.4,0.0,0.0,0.0,0.0,0.0,0.0,2.6,0.0,0.0,0.0,0.0,55.39999999999998,Mediano
123,2035,2036,Aaron Ramsdale,ENG,GK,Arsenal,Premier League,24,1998,21,21,1890,21.0,0,0.0,0.0,0.0,0.0,0.0,0.0,0.0,0.0,0.0,19.2,28.9,66.5,500.1,353.0,5.05,5.29,95.5,8.52,8.67,98.4,5.62,14.8,38.1,0.0,0.0,0.86,0.1,0.0,0.24,28.9,22.7,6.1,2.24,0.0,0.24,0.0,0.0,0.0,0.0,0.0,0.0,19.2,0.1,0.1,0.1,0.1,0.0,0.0,0.0,0.0,0.0,0.0,0.0,0.0,0.0,0.0,0.0,0.0,0.05,0.05,0.05,0.0,0.0,0.05,0.05,100.0,0.0,0.0,0.0,0.0,0.0,0.05,0.62,0.19,31.0,22.4,30.4,0.57,0.0,0.0,31.0,0.05,0.05,100.0,0.0,0.0,19.0,106.9,68.1,0.0,0.05,0.0,0.0,0.0,15.9,0.0,0.0,0.0,0.0,0.0,0.14,0.0,0.0,0.05,0.0,0.0,0.0,0.67,0.14,0.0,100.0,0.0,54.94,Mediano
10,269,270,Paul Bernardoni,FRA,GK,Angers,Ligue 1,25,1997,14,14,1260,14.0,0,0.0,0.0,0.0,0.0,0.0,0.0,0.0,0.0,0.0,17.6,25.2,70.0,476.6,350.9,3.57,3.71,96.2,8.86,9.14,96.9,5.07,12.1,42.0,0.0,0.0,0.43,0.0,0.0,0.0,25.2,15.6,9.5,2.29,0.0,0.0,0.0,0.0,0.0,0.0,0.0,0.0,17.6,0.14,0.07,0.0,0.0,0.0,0.0,0.0,0.0,0.0,0.0,0.0,0.0,0.0,0.0,0.0,0.0,0.07,0.0,0.07,0.0,0.0,0.07,0.07,100.0,0.0,0.0,0.0,0.0,0.0,0.07,0.29,0.07,28.1,23.8,27.9,0.14,0.0,0.0,28.1,0.0,0.0,0.0,0.0,0.0,16.7,78.9,53.6,0.0,0.0,0.0,0.0,0.0,9.29,0.0,0.0,0.0,0.0,0.07,0.0,0.0,0.0,0.0,0.0,0.07,0.0,0.71,0.36,0.07,83.3,0.0,54.84,Mediano
20,443,444,Marco Carnesecchi,ITA,GK,Cremonese,Serie A,22,2000,12,12,1080,12.0,0,0.0,0.0,0.0,0.0,0.0,0.0,0.0,0.0,0.0,20.5,32.1,63.9,611.0,461.6,3.33,3.33,100.0,9.58,9.83,97.5,7.08,18.3,38.8,0.0,0.0,0.92,0.0,0.0,0.0,32.1,21.4,10.5,3.33,0.0,0.25,0.0,0.0,0.0,0.0,0.0,0.0,20.5,0.17,0.0,0.33,0.17,0.17,0.0,0.0,0.0,0.0,0.08,0.0,0.08,0.0,0.0,0.0,0.0,0.0,0.0,0.0,0.0,0.0,0.0,0.0,0.0,0.0,0.0,0.0,0.0,0.0,0.0,0.42,0.08,34.8,31.1,34.8,0.0,0.0,0.0,34.8,0.0,0.0,0.0,0.0,0.0,18.3,96.2,50.8,0.0,0.0,0.0,0.0,0.0,12.9,0.0,0.08,0.0,0.0,0.0,0.17,0.0,0.0,0.0,0.0,0.0,0.0,1.0,0.08,0.0,100.0,0.0,54.5,Mediano
115,1971,1972,Jordan Pickford,ENG,GK,Everton,Premier League,28,1994,20,20,1800,20.0,0,0.0,0.0,0.0,0.0,0.0,0.0,0.0,0.0,0.0,22.8,36.8,61.8,726.7,552.5,5.4,5.45,99.1,7.3,7.35,99.3,9.85,23.6,41.7,0.05,0.1,1.45,0.05,0.0,0.05,36.8,24.1,12.5,3.6,0.05,0.1,0.0,0.0,0.0,0.0,0.0,0.0,22.8,0.15,0.05,0.3,0.15,0.15,0.0,0.0,0.0,0.0,0.05,0.05,0.0,0.0,0.0,0.0,0.0,0.0,0.0,0.0,0.0,0.0,0.0,0.0,0.0,0.0,0.0,0.0,0.0,0.1,0.1,0.65,0.1,40.0,29.9,39.0,1.05,0.0,0.0,40.0,0.0,0.0,0.0,0.0,0.0,21.4,130.3,85.8,0.0,0.0,0.0,0.05,0.05,16.9,0.0,0.2,0.0,0.0,0.05,0.1,0.0,0.0,0.0,0.0,0.05,0.0,0.95,0.2,0.15,57.1,0.0,53.64999999999999,Mediano
29,584,585,Finn Dahmen,GER,GK,Mainz 05,Bundesliga,24,1998,5,5,450,5.0,0,0.0,0.0,0.0,0.0,0.0,0.0,0.0,0.0,0.0,23.2,33.8,68.6,742.4,579.4,3.6,3.6,100.0,10.4,10.4,100.0,9.2,19.8,46.5,0.0,0.0,1.8,0.0,0.0,0.0,33.8,24.6,9.2,2.2,0.0,0.0,0.0,0.0,0.0,0.0,0.0,0.0,23.2,0.0,0.0,0.6,0.6,0.0,0.0,0.0,0.0,0.0,0.0,0.0,0.0,0.0,0.0,0.0,0.0,0.0,0.0,0.0,0.0,0.0,0.0,0.0,0.0,0.0,0.0,0.0,0.0,0.0,0.0,0.0,0.0,34.8,26.6,33.8,1.2,0.0,0.0,34.8,0.0,0.0,0.0,0.0,0.0,22.4,125.8,67.8,0.0,0.0,0.0,0.0,0.0,14.0,0.0,0.0,0.0,0.0,0.0,0.0,0.0,0.0,0.0,0.0,0.0,0.0,3.2,0.2,0.0,100.0,0.0,53.40000000000001,Mediano
67,1322,1323,Tom� Koubek,CZE,GK,Augsburg,Bundesliga,30,1992,4,4,360,4.0,0,0.0,0.0,0.0,0.0,0.0,0.0,0.0,0.0,0.0,27.0,41.5,65.1,1036.3,842.0,1.75,1.75,100.0,11.8,11.8,100.0,13.5,28.0,48.2,0.0,0.0,2.5,0.0,0.0,0.0,41.5,29.0,12.5,2.5,0.0,0.0,0.0,0.0,0.0,0.0,0.0,0.0,27.0,0.0,0.0,1.0,0.75,0.25,0.0,0.0,0.0,0.0,0.25,0.25,0.0,0.0,0.0,0.0,0.0,0.0,0.0,0.0,0.0,0.0,0.0,0.0,0.0,0.0,0.0,0.0,0.0,0.0,0.0,0.5,0.0,45.0,34.3,44.5,0.5,0.0,0.0,45.0,0.0,0.0,0.0,0.0,0.0,24.3,176.8,121.3,0.0,0.0,0.0,0.0,0.0,18.0,0.0,0.0,0.0,0.0,0.0,0.25,0.0,0.0,0.0,0.0,0.0,0.0,1.0,0.75,0.0,100.0,0.0,53.099999999999994,Mediano
8,222,223,Gavin Bazunu,IRL,GK,Southampton,Premier League,20,2002,22,22,1980,22.0,0,0.0,0.0,0.0,0.0,0.0,0.0,0.0,0.0,0.0,22.2,36.6,60.7,706.9,540.7,4.77,4.86,98.1,7.91,8.09,97.8,9.5,23.5,40.5,0.0,0.05,1.73,0.05,0.0,0.05,36.6,26.6,9.82,2.64,0.0,0.0,0.0,0.0,0.0,0.0,0.0,0.0,22.2,0.18,0.0,0.32,0.23,0.09,0.0,0.0,0.0,0.0,0.0,0.0,0.0,0.0,0.0,0.0,0.0,0.05,0.0,0.05,0.0,0.0,0.05,0.05,100.0,0.0,0.0,0.0,0.0,0.05,0.09,0.86,0.05,39.1,27.0,38.3,0.82,0.0,0.0,39.1,0.0,0.0,0.0,0.0,0.0,23.3,122.2,71.2,0.0,0.0,0.0,0.0,0.0,18.7,0.0,0.0,0.0,0.0,0.05,0.0,0.0,0.0,0.0,0.0,0.05,0.0,1.23,0.45,0.0,100.0,0.0,51.280000000000015,Mediano
93,1661,1662,Vanja Milinkovi?-Savi?,SRB,GK,Torino,Serie A,25,1997,22,22,1980,22.0,0,0.0,0.0,0.0,0.0,0.0,0.0,0.0,0.0,0.0,26.0,44.8,57.9,845.8,611.2,2.95,3.0,98.5,12.9,13.1,98.3,10.0,28.2,35.6,0.0,0.0,2.41,0.09,0.0,0.0,44.8,34.5,9.91,2.59,0.0,0.27,0.0,0.05,0.0,0.0,0.0,0.0,26.0,0.41,0.0,0.14,0.14,0.0,0.0,0.0,0.0,0.0,0.05,0.05,0.0,0.0,0.0,0.0,0.0,0.09,0.05,0.09,0.0,0.0,0.09,0.09,100.0,0.0,0.0,0.0,0.0,0.05,0.14,0.55,0.05,47.1,33.3,46.5,0.64,0.05,0.05,47.1,0.0,0.0,0.0,0.0,0.0,29.7,197.1,113.7,0.0,0.0,0.0,0.05,0.05,24.1,0.0,0.09,0.0,0.0,0.0,0.18,0.0,0.0,0.05,0.0,0.0,0.0,1.36,0.27,0.05,85.7,0.0,50.83000000000001,Mediano
113,1931,1932,Patrick Pentz,AUT,GK,Reims,Ligue 1,26,1997,7,7,630,7.0,0,0.0,0.0,0.0,0.0,0.0,0.0,0.0,0.0,0.0,20.1,30.1,66.8,532.1,354.3,4.86,5.14,94.4,8.71,8.71,100.0,6.29,16.0,39.3,0.0,0.0,0.43,0.0,0.0,0.0,30.1,19.7,10.4,2.0,0.0,0.0,0.0,0.0,0.0,0.0,0.0,0.0,20.1,0.0,0.0,0.29,0.14,0.14,0.0,0.0,0.0,0.0,0.0,0.0,0.0,0.0,0.0,0.0,0.0,0.0,0.0,0.0,0.0,0.0,0.0,0.0,0.0,0.0,0.0,0.0,0.0,0.0,0.0,0.14,0.0,31.6,27.3,31.6,0.0,0.0,0.0,31.6,0.0,0.0,0.0,0.0,0.0,20.6,120.7,71.9,0.0,0.14,0.14,0.0,0.0,13.0,0.0,0.14,0.0,0.0,0.0,0.29,0.0,0.0,0.0,0.0,0.0,0.0,1.14,0.0,0.0,0.0,0.0,49.34,Mediano
33,689,690,Stole Dimitrievski,MKD,GK,Rayo Vallecano,La Liga,29,1993,19,19,1710,19.0,0,0.0,0.0,0.0,0.0,0.0,0.0,0.0,0.0,0.0,18.9,30.7,61.5,543.3,397.6,3.47,3.47,100.0,8.95,9.11,98.3,6.42,17.8,36.0,0.0,0.05,0.58,0.0,0.0,0.0,30.7,19.7,10.8,2.58,0.0,0.16,0.0,0.0,0.0,0.0,0.0,0.0,18.9,0.21,0.0,0.16,0.11,0.05,0.0,0.0,0.0,0.0,0.0,0.0,0.0,0.0,0.0,0.0,0.0,0.0,0.0,0.0,0.0,0.0,0.0,0.0,0.0,0.0,0.11,0.0,0.11,0.0,0.0,0.47,0.11,32.7,27.2,32.5,0.21,0.0,0.0,32.7,0.0,0.0,0.0,0.0,0.0,16.9,104.7,63.8,0.0,0.0,0.0,0.0,0.0,11.4,0.05,0.16,0.0,0.0,0.0,0.05,0.0,0.0,0.0,0.0,0.0,0.0,1.05,0.26,0.0,100.0,0.0,49.17,Mediano
91,1649,1650,Illan Meslier,FRA,GK,Leeds United,Premier League,22,2000,21,21,1890,21.0,0,0.0,0.0,0.0,0.0,0.0,0.0,0.0,0.0,0.0,18.2,30.3,60.1,456.2,297.3,4.38,4.52,96.8,9.1,9.33,97.4,4.67,16.3,28.7,0.0,0.0,0.33,0.05,0.0,0.0,30.3,20.0,10.2,2.33,0.0,0.0,0.0,0.0,0.0,0.0,0.0,0.0,18.2,0.05,0.05,0.1,0.05,0.05,0.0,0.0,0.0,0.0,0.0,0.0,0.0,0.0,0.0,0.0,0.0,0.05,0.0,0.05,0.0,0.0,0.05,0.14,33.3,0.1,0.0,0.0,0.0,0.05,0.1,0.71,0.0,32.8,26.7,32.6,0.24,0.05,0.0,32.8,0.0,0.0,0.0,0.0,0.0,16.3,100.4,56.4,0.0,0.0,0.0,0.05,0.0,11.8,0.0,0.1,0.0,0.0,0.05,0.1,0.0,0.0,0.0,0.0,0.0,0.0,0.86,0.29,0.05,85.7,0.0,48.90999999999998,Mediano
65,1254,1255,Bingourou Kamara,SEN,GK,Montpellier,Ligue 1,26,1996,5,4,408,4.5,0,0.0,0.0,0.0,0.0,0.0,0.0,0.0,0.0,0.0,19.3,29.1,66.4,527.6,421.8,3.56,3.78,94.1,9.56,9.78,97.7,6.22,15.3,40.6,0.0,0.0,0.44,0.0,0.0,0.0,29.1,19.3,9.56,1.78,0.0,0.0,0.0,0.0,0.0,0.0,0.0,0.0,19.3,0.22,0.0,0.0,0.0,0.0,0.0,0.0,0.0,0.0,0.0,0.0,0.0,0.0,0.0,0.0,0.0,0.0,0.0,0.0,0.0,0.0,0.0,0.0,0.0,0.0,0.0,0.0,0.0,0.0,0.0,0.44,0.0,31.8,26.7,31.8,0.0,0.0,0.0,31.8,0.0,0.0,0.0,0.0,0.0,19.1,92.4,54.2,0.0,0.0,0.0,0.0,0.0,12.7,0.0,0.22,0.0,0.0,0.22,0.22,0.0,0.0,0.0,0.0,0.22,0.0,0.89,0.22,0.0,100.0,0.0,45.45,Mediano
77,1459,1460,Diego L�pez,ESP,GK,Rayo Vallecano,La Liga,41,1981,1,1,90,1.0,0,0.0,0.0,0.0,0.0,0.0,0.0,0.0,0.0,0.0,22.0,29.0,75.9,462.0,309.0,7.0,8.0,87.5,11.0,11.0,100.0,4.0,10.0,40.0,0.0,0.0,0.0,0.0,0.0,0.0,29.0,21.0,8.0,0.0,0.0,0.0,0.0,0.0,0.0,0.0,0.0,0.0,22.0,0.0,0.0,0.0,0.0,0.0,0.0,0.0,0.0,0.0,0.0,0.0,0.0,0.0,0.0,0.0,0.0,0.0,0.0,0.0,0.0,0.0,0.0,0.0,0.0,0.0,0.0,0.0,0.0,0.0,0.0,0.0,1.0,29.0,23.0,29.0,0.0,0.0,0.0,29.0,0.0,0.0,0.0,0.0,0.0,14.0,92.0,64.0,0.0,0.0,0.0,0.0,0.0,12.0,0.0,0.0,0.0,0.0,0.0,0.0,0.0,0.0,0.0,0.0,0.0,0.0,3.0,0.0,0.0,0.0,0.0,45.0,Ruim
0,61,62,Do�an Alemdar,TUR,GK,Rennes,Ligue 1,20,2002,3,2,225,2.5,0,0.0,0.0,0.0,0.0,0.0,0.0,0.0,0.0,0.0,19.6,28.8,68.1,594.4,497.2,4.0,4.0,100.0,9.2,9.2,100.0,6.4,15.2,42.1,0.0,0.0,0.8,0.0,0.0,0.0,28.8,18.4,10.0,2.4,0.0,0.0,0.0,0.0,0.0,0.0,0.0,0.0,19.6,0.4,0.0,0.0,0.0,0.0,0.0,0.0,0.0,0.0,0.0,0.0,0.0,0.0,0.0,0.0,0.0,0.0,0.0,0.0,0.0,0.0,0.0,0.0,0.0,0.0,0.0,0.0,0.0,0.0,0.0,0.4,0.4,31.6,24.0,31.6,0.0,0.0,0.0,31.6,0.0,0.0,0.0,0.0,0.0,19.2,77.2,40.8,0.0,0.0,0.0,0.4,0.0,14.4,0.0,0.0,0.0,0.0,0.0,0.0,0.0,0.0,0.0,0.0,0.0,0.0,1.6,0.8,0.0,100.0,0.0,44.199999999999996,Ruim
73,1423,1424,Benjamin Leroy,FRA,GK,Ajaccio,Ligue 1,33,1989,20,20,1718,19.1,0,0.0,0.0,0.0,0.0,0.0,0.0,0.0,0.0,0.0,16.2,27.2,59.5,553.9,471.5,1.62,1.62,100.0,7.02,7.17,97.8,7.54,18.1,41.6,0.0,0.0,0.58,0.0,0.0,0.0,27.2,16.6,10.3,3.93,0.0,0.0,0.0,0.0,0.0,0.0,0.0,0.0,16.2,0.26,0.0,0.21,0.21,0.0,0.0,0.0,0.0,0.0,0.0,0.0,0.0,0.0,0.0,0.0,0.0,0.0,0.0,0.0,0.0,0.0,0.0,0.05,0.0,0.05,0.0,0.0,0.0,0.0,0.0,0.42,0.0,29.4,22.9,29.3,0.05,0.0,0.0,29.4,0.0,0.0,0.0,0.0,0.0,16.5,100.5,48.3,0.0,0.0,0.0,0.1,0.0,9.84,0.0,0.0,0.0,0.0,0.0,0.1,0.0,0.0,0.0,0.0,0.0,0.0,1.62,0.05,0.0,100.0,0.0,43.999999999999986,Ruim
44,843,844,�lvaro Fern�ndez,ESP,GK,Espanyol,La Liga,24,1998,10,10,900,10.0,0,0.0,0.0,0.0,0.0,0.0,0.0,0.0,0.0,0.0,20.5,31.6,64.9,822.7,690.3,1.6,1.6,100.0,6.9,7.0,98.6,12.0,22.8,52.6,0.0,0.1,1.5,0.0,0.0,0.0,31.6,17.5,13.9,4.5,0.0,0.1,0.0,0.0,0.0,0.0,0.0,0.0,20.5,0.2,0.0,0.1,0.0,0.1,0.0,0.0,0.0,0.0,0.0,0.0,0.0,0.0,0.0,0.0,0.0,0.0,0.0,0.0,0.0,0.0,0.0,0.0,0.0,0.0,0.0,0.0,0.0,0.0,0.0,0.7,0.2,34.0,26.4,33.4,0.6,0.0,0.0,34.0,0.0,0.0,0.0,0.0,0.0,14.7,85.5,57.7,0.0,0.0,0.0,0.0,0.1,10.9,0.0,0.0,0.0,0.0,0.0,0.2,0.0,0.0,0.0,0.0,0.0,0.0,1.4,0.2,0.1,66.7,0.0,43.19999999999999,Ruim
14,299,300,Joaqu�n Bl�zquez,ARG,GK,Brest,Ligue 1,22,2001,1,1,90,1.0,0,0.0,0.0,0.0,0.0,0.0,0.0,0.0,0.0,0.0,21.0,29.0,72.4,728.0,535.0,6.0,6.0,100.0,7.0,8.0,87.5,8.0,14.0,57.1,0.0,0.0,1.0,0.0,0.0,0.0,29.0,13.0,16.0,5.0,0.0,1.0,0.0,0.0,0.0,0.0,0.0,0.0,21.0,0.0,1.0,0.0,0.0,0.0,0.0,0.0,0.0,0.0,0.0,0.0,0.0,0.0,0.0,0.0,0.0,0.0,0.0,0.0,0.0,0.0,0.0,0.0,0.0,0.0,0.0,0.0,0.0,0.0,0.0,2.0,0.0,32.0,26.0,32.0,0.0,0.0,0.0,32.0,0.0,0.0,0.0,0.0,0.0,15.0,104.0,55.0,0.0,0.0,0.0,0.0,0.0,6.0,0.0,0.0,0.0,0.0,0.0,0.0,0.0,0.0,0.0,0.0,0.0,0.0,0.0,0.0,0.0,0.0,0.0,43.0,Ruim
109,1877,1878,Fernando Pacheco,ESP,GK,Almer�a,La Liga,30,1992,1,1,90,1.0,0,0.0,0.0,0.0,0.0,0.0,0.0,0.0,0.0,0.0,20.0,31.0,64.5,617.0,423.0,2.0,2.0,100.0,10.0,11.0,90.9,8.0,17.0,47.1,0.0,0.0,1.0,0.0,0.0,0.0,31.0,22.0,8.0,4.0,0.0,0.0,0.0,0.0,0.0,0.0,0.0,0.0,20.0,1.0,0.0,0.0,0.0,0.0,0.0,0.0,0.0,0.0,0.0,0.0,0.0,0.0,0.0,0.0,0.0,0.0,0.0,0.0,0.0,0.0,0.0,0.0,0.0,0.0,0.0,0.0,0.0,0.0,0.0,1.0,0.0,34.0,30.0,34.0,0.0,0.0,0.0,34.0,0.0,0.0,0.0,0.0,0.0,20.0,109.0,89.0,0.0,0.0,0.0,0.0,0.0,13.0,0.0,0.0,0.0,0.0,0.0,0.0,0.0,0.0,0.0,0.0,0.0,0.0,0.0,0.0,0.0,0.0,0.0,42.0,Ruim
105,1837,1838,Robin Olsen,SWE,GK,Aston Villa,Premier League,33,1990,3,2,236,2.6,0,0.0,0.0,0.0,0.0,0.0,0.0,0.0,0.0,0.0,25.0,42.7,58.6,675.0,483.1,5.38,5.77,93.3,10.8,10.8,100.0,8.85,26.2,33.8,0.0,0.0,0.77,0.0,0.0,0.0,42.7,30.4,12.3,3.08,0.0,0.38,0.0,0.0,0.0,0.0,0.0,0.0,25.0,0.0,0.0,0.0,0.0,0.0,0.0,0.0,0.0,0.0,0.0,0.0,0.0,0.0,0.0,0.0,0.0,0.0,0.0,0.0,0.0,0.0,0.0,0.38,0.0,0.38,0.0,0.0,0.0,0.0,0.0,0.38,0.0,46.2,38.8,45.4,0.77,0.0,0.0,46.2,0.0,0.0,0.0,0.0,0.0,27.3,140.4,71.5,0.0,0.0,0.0,0.38,0.0,18.5,0.0,0.0,0.0,0.0,0.0,0.0,0.0,0.0,0.0,0.0,0.0,0.0,0.77,0.0,0.0,0.0,0.0,41.41,Ruim
163,2681,2682,Petar Zovko,BIH,GK,Spezia,Serie A,20,2002,1,0,74,0.8,0,0.0,0.0,0.0,0.0,0.0,0.0,0.0,0.0,0.0,27.5,45.0,61.1,853.8,572.5,5.0,5.0,100.0,11.3,11.3,100.0,11.3,28.8,39.1,0.0,0.0,1.25,0.0,0.0,0.0,45.0,26.3,18.8,2.5,0.0,0.0,0.0,0.0,0.0,0.0,0.0,0.0,27.5,0.0,0.0,0.0,0.0,0.0,0.0,0.0,0.0,0.0,0.0,0.0,0.0,0.0,0.0,0.0,0.0,1.25,0.0,1.25,0.0,0.0,1.25,1.25,100.0,0.0,0.0,0.0,0.0,0.0,1.25,0.0,0.0,47.5,36.3,45.0,2.5,0.0,0.0,47.5,0.0,0.0,0.0,0.0,0.0,22.5,96.3,55.0,0.0,0.0,0.0,0.0,0.0,16.3,0.0,0.0,0.0,0.0,0.0,0.0,0.0,0.0,0.0,0.0,0.0,0.0,2.5,0.0,0.0,0.0,0.0,41.14999999999998,Ruim
99,1774,1775,Neto,BRA,GK,Bournemouth,Premier League,33,1989,12,12,1035,11.5,0,0.0,0.0,0.0,0.0,0.0,0.0,0.0,0.0,0.0,18.9,30.1,62.7,623.3,528.1,3.74,3.83,97.7,5.91,6.17,95.8,9.13,19.9,45.9,0.0,0.0,0.7,0.0,0.0,0.0,30.1,18.7,11.3,3.22,0.0,0.09,0.0,0.0,0.0,0.0,0.0,0.0,18.9,0.09,0.0,0.0,0.0,0.0,0.0,0.0,0.0,0.0,0.0,0.0,0.0,0.0,0.0,0.0,0.0,0.09,0.0,0.09,0.0,0.0,0.09,0.09,100.0,0.0,0.0,0.0,0.0,0.0,0.09,0.17,0.17,32.3,27.5,32.2,0.09,0.0,0.0,32.3,0.0,0.0,0.0,0.0,0.0,16.9,102.2,70.5,0.0,0.0,0.0,0.09,0.0,9.74,0.0,0.26,0.0,0.0,0.0,0.26,0.0,0.0,0.0,0.0,0.0,0.0,0.61,0.17,0.17,50.0,0.0,41.02999999999999,Ruim
42,819,820,Wladimiro Falcone,ITA,GK,Lecce,Serie A,27,1995,22,22,1980,22.0,0,0.0,0.0,0.0,0.0,0.0,0.0,0.0,0.0,0.0,16.7,31.9,52.4,541.9,420.1,2.45,2.45,100.0,6.68,6.95,96.1,7.45,22.2,33.6,0.0,0.05,0.32,0.05,0.0,0.0,31.9,20.9,10.8,3.14,0.0,0.18,0.0,0.0,0.0,0.0,0.0,0.0,16.7,0.18,0.0,0.09,0.05,0.05,0.0,0.0,0.0,0.0,0.0,0.0,0.0,0.0,0.0,0.0,0.0,0.09,0.0,0.09,0.0,0.0,0.09,0.09,100.0,0.0,0.0,0.0,0.0,0.05,0.14,0.68,0.05,35.2,29.5,35.1,0.09,0.0,0.0,35.2,0.0,0.0,0.0,0.0,0.0,17.6,110.0,59.1,0.0,0.0,0.0,0.0,0.0,11.9,0.0,0.05,0.0,0.0,0.05,0.09,0.0,0.0,0.0,0.0,0.05,0.0,1.05,0.45,0.0,100.0,0.0,40.19000000000004,Ruim
148,2321,2322,David Soria,ESP,GK,Getafe,La Liga,29,1993,20,20,1800,20.0,0,0.0,0.0,0.0,0.0,0.0,0.0,0.0,0.0,0.0,16.7,29.1,57.5,711.2,607.7,1.25,1.3,96.2,4.2,4.4,95.5,11.3,23.2,48.5,0.0,0.1,0.8,0.05,0.0,0.0,29.1,16.2,12.7,4.2,0.0,0.7,0.0,0.0,0.0,0.0,0.0,0.0,16.7,0.15,0.0,0.15,0.15,0.0,0.0,0.0,0.0,0.0,0.0,0.0,0.0,0.0,0.0,0.0,0.0,0.0,0.0,0.0,0.0,0.0,0.0,0.0,0.0,0.0,0.0,0.0,0.0,0.0,0.0,0.5,0.15,31.3,26.7,31.1,0.2,0.0,0.0,31.3,0.0,0.0,0.0,0.0,0.0,14.0,82.5,53.4,0.0,0.0,0.0,0.0,0.0,8.2,0.0,0.05,0.0,0.0,0.05,0.05,0.0,0.0,0.0,0.0,0.0,0.0,1.0,0.15,0.0,100.0,0.0,39.900000000000006,Ruim
61,1110,1111,Sergio Herrera,ESP,GK,Osasuna,La Liga,29,1993,10,10,900,10.0,0,0.0,0.0,0.0,0.0,0.0,0.0,0.0,0.0,0.0,21.9,35.8,61.2,815.4,693.4,1.4,1.4,100.0,8.9,8.9,100.0,11.6,25.3,45.8,0.0,0.1,2.3,0.0,0.0,0.0,35.8,23.8,11.9,3.7,0.0,0.2,0.0,0.0,0.0,0.0,0.0,0.0,21.9,0.1,0.0,0.4,0.4,0.0,0.0,0.0,0.0,0.0,0.0,0.0,0.0,0.0,0.0,0.0,0.0,0.0,0.0,0.0,0.0,0.0,0.0,0.0,0.0,0.0,0.1,0.0,0.1,0.1,0.1,0.5,0.0,37.7,29.3,37.3,0.4,0.0,0.0,37.7,0.0,0.0,0.0,0.0,0.0,20.0,122.5,74.5,0.0,0.0,0.0,0.1,0.0,15.2,0.0,0.3,0.0,0.0,0.1,0.1,0.0,0.0,0.0,0.0,0.1,0.0,0.8,0.2,0.1,66.7,0.0,39.50000000000003,Ruim
69,1402,1403,Benjamin Lecomte,FRA,GK,Espanyol,La Liga,31,1991,10,10,899,10.0,0,0.0,0.0,0.0,0.0,0.0,0.0,0.0,0.0,0.0,17.9,27.5,65.1,630.2,523.4,2.1,2.1,100.0,6.6,6.7,98.5,9.2,18.4,50.0,0.0,0.1,0.5,0.0,0.0,0.0,27.5,14.9,12.3,4.3,0.0,0.2,0.0,0.0,0.0,0.0,0.0,0.0,17.9,0.3,0.0,0.2,0.1,0.1,0.0,0.0,0.0,0.0,0.0,0.0,0.0,0.0,0.0,0.0,0.0,0.0,0.0,0.0,0.0,0.0,0.0,0.0,0.0,0.0,0.0,0.0,0.0,0.0,0.0,0.3,0.2,29.8,22.8,29.0,0.8,0.0,0.0,29.8,0.0,0.0,0.0,0.0,0.0,12.4,74.6,50.6,0.0,0.0,0.0,0.0,0.0,8.7,0.0,0.1,0.1,0.0,0.1,0.0,0.0,0.0,0.0,0.0,0.0,0.1,1.6,0.0,0.0,0.0,0.0,38.09999999999998,Ruim
158,2557,2558,Iv�n Villar,ESP,GK,Celta Vigo,La Liga,25,1997,1,1,90,1.0,0,0.0,0.0,0.0,0.0,0.0,0.0,0.0,0.0,0.0,19.0,33.0,57.6,543.0,422.0,5.0,5.0,100.0,7.0,7.0,100.0,7.0,20.0,35.0,0.0,0.0,0.0,0.0,0.0,0.0,33.0,21.0,11.0,3.0,0.0,0.0,0.0,0.0,0.0,0.0,0.0,0.0,19.0,1.0,0.0,0.0,0.0,0.0,0.0,0.0,0.0,0.0,0.0,0.0,0.0,0.0,0.0,0.0,0.0,0.0,0.0,0.0,0.0,0.0,0.0,0.0,0.0,0.0,0.0,0.0,0.0,0.0,0.0,1.0,0.0,37.0,35.0,37.0,0.0,0.0,0.0,37.0,0.0,0.0,0.0,0.0,0.0,20.0,83.0,40.0,0.0,0.0,0.0,0.0,0.0,14.0,0.0,0.0,0.0,0.0,0.0,0.0,0.0,0.0,0.0,0.0,0.0,0.0,0.0,0.0,0.0,0.0,0.0,38.0,Ruim
160,2666,2667,Robin Zentner,GER,GK,Mainz 05,Bundesliga,28,1994,15,15,1350,15.0,0,0.0,0.0,0.0,0.0,0.0,0.0,0.0,0.0,0.0,17.6,31.9,55.1,594.5,469.8,2.0,2.0,100.0,7.33,7.67,95.7,8.27,22.1,37.3,0.0,0.07,0.8,0.07,0.0,0.27,31.9,22.2,9.6,2.27,0.0,0.0,0.0,0.0,0.0,0.0,0.0,0.0,17.6,0.13,0.0,0.4,0.2,0.2,0.0,0.0,0.0,0.0,0.07,0.07,0.0,0.0,0.0,0.0,0.0,0.0,0.0,0.0,0.0,0.0,0.0,0.13,0.0,0.13,0.0,0.0,0.0,0.0,0.0,0.6,0.0,34.7,26.9,33.8,0.6,0.33,0.27,34.7,0.0,0.0,0.0,0.0,0.0,18.7,111.3,61.6,0.0,0.0,0.0,0.07,0.0,11.6,0.07,0.07,0.0,0.0,0.0,0.2,0.0,0.0,0.0,0.0,0.0,0.0,1.8,0.67,0.0,100.0,0.0,35.90000000000002,Ruim
71,1404,1405,Jerem�as Ledesma,ARG,GK,C�diz,La Liga,29,1993,21,21,1890,21.0,0,0.0,0.0,0.0,0.0,0.0,0.0,0.0,0.0,0.0,17.0,33.4,50.9,644.6,541.8,1.76,1.81,97.4,6.48,6.62,97.8,8.76,24.8,35.3,0.0,0.05,1.1,0.05,0.0,0.0,33.4,20.3,13.0,4.1,0.0,0.05,0.0,0.0,0.0,0.0,0.0,0.0,17.0,0.14,0.0,0.33,0.24,0.05,0.0,0.0,0.05,0.0,0.05,0.0,0.0,0.0,0.0,0.05,0.0,0.1,0.05,0.1,0.0,0.0,0.1,0.14,66.7,0.05,0.05,0.0,0.05,0.1,0.19,0.62,0.05,36.3,30.7,36.2,0.1,0.0,0.0,36.3,0.1,0.1,100.0,0.0,0.0,18.0,117.5,81.7,0.0,0.05,0.0,0.0,0.0,10.7,0.0,0.0,0.0,0.0,0.05,0.14,0.0,0.0,0.05,0.0,0.05,0.0,1.0,0.19,0.0,100.0,0.0,33.870000000000005,Ruim
104,1821,1822,Guillermo Ochoa,MEX,GK,Salernitana,Serie A,37,1985,6,6,540,6.0,0,0.0,0.0,0.0,0.0,0.0,0.0,0.0,0.0,0.0,19.5,36.2,53.9,713.2,573.2,2.0,2.0,100.0,6.83,7.17,95.3,10.7,26.7,40.0,0.0,0.0,0.67,0.0,0.0,0.0,36.2,22.5,13.3,3.33,0.0,0.0,0.0,0.0,0.0,0.0,0.0,0.0,19.5,0.33,0.0,0.33,0.33,0.0,0.0,0.0,0.0,0.0,0.33,0.33,0.0,0.0,0.0,0.0,0.0,0.0,0.0,0.0,0.0,0.0,0.0,0.17,0.0,0.17,0.0,0.0,0.0,0.0,0.0,0.0,0.0,40.5,34.3,40.3,0.17,0.0,0.0,40.5,0.0,0.0,0.0,0.0,0.0,16.2,104.0,79.2,0.0,0.0,0.0,0.0,0.0,14.5,0.0,0.0,0.0,0.0,0.0,0.0,0.0,0.0,0.0,0.0,0.0,0.0,1.33,0.0,0.0,0.0,0.0,33.38999999999996,Ruim
98,1765,1766,Keylor Navas,CRC,GK,Nott'ham Forest,Premier League,36,1986,2,2,180,2.0,0,0.0,0.0,0.0,0.0,0.0,0.0,0.0,0.0,0.0,23.0,40.0,57.5,714.5,561.5,3.0,3.0,100.0,10.5,10.5,100.0,9.5,26.0,36.5,0.0,0.0,0.5,0.0,0.0,0.0,40.0,22.0,17.5,5.5,0.0,0.0,0.0,0.0,0.0,0.0,0.0,0.0,23.0,0.5,0.0,0.0,0.0,0.0,0.0,0.0,0.0,0.0,0.0,0.0,0.0,0.0,0.0,0.0,0.0,0.0,0.0,0.0,0.0,0.0,0.0,0.0,0.0,0.0,0.0,0.0,0.0,0.0,0.0,0.5,0.0,42.0,37.5,42.0,0.0,0.0,0.0,42.0,0.0,0.0,0.0,0.0,0.0,19.5,116.5,59.5,0.0,0.0,0.0,0.0,0.0,13.5,0.0,0.0,0.0,0.0,0.0,0.0,0.0,0.0,0.0,0.0,0.0,0.0,0.5,0.0,0.0,0.0,0.0,32.0,Ruim
162,2676,2677,Jeroen Zoet,NED,GK,Spezia,Serie A,32,1991,3,2,154,1.7,0,0.0,0.0,0.0,0.0,0.0,0.0,0.0,0.0,0.0,20.0,38.2,52.3,676.5,586.5,4.71,4.71,100.0,6.47,7.06,91.7,8.82,26.5,33.3,0.0,0.0,1.76,0.0,0.0,0.0,38.2,31.8,6.47,1.76,0.0,0.0,0.0,0.0,0.0,0.0,0.0,0.0,20.0,0.0,0.0,0.59,0.59,0.0,0.0,0.0,0.0,0.0,0.0,0.0,0.0,0.0,0.0,0.0,0.0,0.59,0.59,0.59,0.0,0.0,0.59,0.59,100.0,0.0,0.0,0.0,0.0,0.0,0.59,0.0,0.0,40.0,34.7,39.4,0.59,0.0,0.0,40.0,0.0,0.0,0.0,0.0,0.0,27.6,178.8,94.1,0.0,0.0,0.0,0.0,0.0,20.0,0.0,0.0,0.0,0.0,0.0,0.0,0.0,0.0,0.59,0.0,0.0,0.0,1.18,0.0,0.0,0.0,0.0,27.329999999999984,Ruim
16,345,346,Claudio Bravo,CHI,GK,Betis,La Liga,39,1983,3,3,270,3.0,0,0.0,0.0,0.0,0.0,0.0,0.0,0.0,0.0,0.0,18.3,33.0,55.6,581.3,460.0,4.67,4.67,100.0,5.67,6.0,94.4,7.67,21.7,35.4,0.0,0.0,0.67,0.0,0.0,0.33,33.0,19.7,13.0,4.33,0.0,0.33,0.0,0.0,0.0,0.0,0.0,0.0,18.3,0.33,0.0,0.33,0.33,0.0,0.0,0.0,0.0,0.0,0.0,0.0,0.0,0.0,0.0,0.0,0.0,0.0,0.0,0.0,0.0,0.0,0.0,0.0,0.0,0.0,0.0,0.0,0.0,0.33,0.33,0.0,0.0,34.7,27.3,34.3,0.33,0.0,0.0,34.7,0.0,0.0,0.0,0.0,0.0,15.3,92.0,58.7,0.0,0.0,0.0,0.0,0.0,12.0,0.0,0.33,0.0,0.0,0.0,0.0,0.0,0.0,0.0,0.0,0.0,0.0,1.0,0.0,0.0,0.0,0.0,18.770000000000024,Ruim
145,2315,2316,Fran�ois-Joseph Sollacaro,FRA,GK,Ajaccio,Ligue 1,28,1994,3,3,270,3.0,0,0.0,0.0,0.0,0.0,0.0,0.0,0.0,0.0,0.0,11.7,21.0,55.6,330.0,258.7,2.67,2.67,100.0,3.67,4.33,84.6,4.67,13.3,35.0,0.0,0.0,0.33,0.0,0.0,0.0,21.0,13.7,7.33,2.67,0.0,0.0,0.0,0.0,0.0,0.0,0.0,0.0,11.7,0.0,0.0,0.0,0.0,0.0,0.0,0.0,0.0,0.0,0.0,0.0,0.0,0.0,0.0,0.0,0.0,0.0,0.0,0.0,0.0,0.0,0.0,0.0,0.0,0.0,0.0,0.0,0.0,0.0,0.0,0.33,0.0,21.3,16.7,21.3,0.0,0.0,0.0,21.3,0.0,0.0,0.0,0.0,0.0,13.7,81.0,39.3,0.0,0.0,0.0,0.0,0.0,8.33,0.0,0.0,0.0,0.0,0.0,0.0,0.0,0.0,0.0,0.0,0.0,0.0,2.0,0.0,0.0,0.0,0.0,16.229999999999997,Pessimo
54,1005,1006,Ivo Grbi?,CRO,GK,Atl�tico Madrid,La Liga,27,1996,4,2,208,2.3,0,0.0,0.0,0.0,0.0,0.0,0.0,0.0,0.0,0.0,17.8,37.8,47.1,578.3,442.6,2.61,3.04,85.7,7.39,7.39,100.0,7.83,27.4,28.6,0.0,0.0,0.0,0.0,0.0,0.0,37.8,22.2,15.7,5.65,0.0,0.0,0.0,0.0,0.0,0.0,0.0,0.0,17.8,0.0,0.0,0.0,0.0,0.0,0.0,0.0,0.0,0.0,0.0,0.0,0.0,0.0,0.0,0.0,0.0,0.0,0.0,0.0,0.0,0.0,0.0,0.0,0.0,0.0,0.0,0.0,0.0,0.0,0.0,1.3,0.0,41.7,35.2,41.7,0.0,0.0,0.0,41.7,0.0,0.0,0.0,0.0,0.0,19.6,117.0,85.2,0.0,0.0,0.0,0.0,0.0,13.9,0.0,0.43,0.0,0.0,0.0,0.43,0.0,0.0,0.0,0.0,0.0,0.0,0.0,0.43,0.0,100.0,0.0,10.000000000000043,Pessimo
129,2095,2096,Marek Rod�k,SVK,GK,Fulham,Premier League,26,1996,2,2,180,2.0,0,0.0,0.0,0.0,0.0,0.0,0.0,0.0,0.0,0.0,14.5,30.5,47.5,585.0,518.5,1.5,1.5,100.0,4.0,4.5,88.9,8.5,24.0,35.4,0.0,0.0,0.0,0.0,0.0,0.0,30.5,19.0,11.5,4.0,0.0,0.0,0.0,0.0,0.0,0.0,0.0,0.0,14.5,0.0,0.0,0.0,0.0,0.0,0.0,0.0,0.0,0.0,0.0,0.0,0.0,0.0,0.0,0.0,0.0,0.0,0.0,0.0,0.0,0.0,0.0,0.0,0.0,0.0,0.0,0.0,0.0,0.0,0.0,0.5,0.5,32.5,29.0,32.5,0.0,0.0,0.0,32.5,0.0,0.0,0.0,0.0,0.0,18.0,103.0,47.0,0.0,0.0,0.0,0.5,0.0,10.5,0.0,0.0,0.0,0.0,0.0,0.0,0.0,0.0,0.0,0.0,0.0,0.0,1.5,0.5,0.0,100.0,0.0,7.5,Pessimo
23,474,475,Leonardo C�sar Jardim,BRA,GK,Lille,Ligue 1,27,1995,6,6,540,6.0,0,0.0,0.0,0.0,0.0,0.0,0.0,0.0,0.0,0.0,0.0,0.0,0.0,0.0,0.0,0.0,0.0,0.0,0.0,0.0,0.0,0.0,0.0,0.0,0.0,0.0,0.0,0.0,0.0,0.0,0.0,0.0,0.0,0.0,0.0,0.0,0.0,0.0,0.0,0.0,0.0,0.0,0.0,0.0,0.0,0.0,0.0,0.0,0.0,0.0,0.0,0.0,0.0,0.0,0.0,0.0,0.0,0.0,0.0,0.0,0.0,0.0,0.0,0.0,0.0,0.0,0.0,0.0,0.0,0.0,0.0,0.0,0.0,0.0,0.0,0.0,0.0,0.0,0.0,0.0,0.0,0.0,0.0,0.0,0.0,0.0,0.0,0.0,0.0,0.0,0.0,0.0,0.0,0.0,0.0,0.0,0.0,0.0,0.0,0.0,0.17,0.0,0.0,0.0,0.0,0.0,0.0,0.0,0.0,0.0,0.0,0.0,0.0,4.98,Pessimo
118,2020,2021,Ghjuvanni Quilichini,FRA,GK,Ajaccio,Ligue 1,20,2002,1,0,82,0.9,0,0.0,0.0,0.0,0.0,0.0,0.0,0.0,0.0,0.0,15.6,37.8,41.2,567.8,474.4,1.11,1.11,100.0,5.56,5.56,100.0,8.89,31.1,28.6,0.0,0.0,0.0,0.0,0.0,0.0,37.8,22.2,15.6,6.67,0.0,0.0,0.0,0.0,0.0,0.0,0.0,0.0,15.6,0.0,0.0,0.0,0.0,0.0,0.0,0.0,0.0,0.0,0.0,0.0,0.0,0.0,0.0,0.0,0.0,0.0,0.0,0.0,0.0,0.0,0.0,0.0,0.0,0.0,0.0,0.0,0.0,0.0,0.0,1.11,0.0,41.1,34.4,41.1,0.0,0.0,0.0,41.1,0.0,0.0,0.0,0.0,0.0,22.2,154.4,124.4,0.0,0.0,0.0,0.0,0.0,13.3,0.0,0.0,0.0,0.0,0.0,0.0,0.0,0.0,0.0,0.0,0.0,0.0,1.11,0.0,0.0,0.0,0.0,-5.6699999999999875,Pessimo
88,1603,1604,Lu�s Maximiano,POR,GK,Lazio,Serie A,24,1999,1,1,5,0.1,0,0.0,0.0,0.0,0.0,0.0,0.0,0.0,0.0,0.0,30.0,40.0,75.0,980.0,900.0,10.0,10.0,100.0,0.0,0.0,0.0,20.0,30.0,66.7,0.0,0.0,0.0,0.0,0.0,0.0,40.0,40.0,0.0,0.0,0.0,0.0,0.0,0.0,0.0,0.0,0.0,0.0,30.0,0.0,0.0,0.0,0.0,0.0,0.0,0.0,0.0,0.0,0.0,0.0,0.0,0.0,0.0,0.0,0.0,0.0,0.0,0.0,0.0,0.0,0.0,0.0,0.0,0.0,0.0,0.0,0.0,0.0,0.0,0.0,0.0,40.0,40.0,40.0,0.0,0.0,0.0,40.0,0.0,0.0,0.0,0.0,0.0,30.0,40.0,0.0,0.0,0.0,0.0,0.0,0.0,30.0,0.0,0.0,10.0,0.0,10.0,0.0,0.0,0.0,0.0,0.0,0.0,0.0,0.0,0.0,0.0,0.0,0.0,-9.0,Pessimo
21,447,448,Matis Carvalho,POR,GK,Montpellier,Ligue 1,23,1999,2,1,136,1.5,0,0.0,0.0,0.0,0.0,0.0,0.0,0.0,0.0,0.0,14.0,35.3,39.6,616.0,529.3,0.67,0.67,100.0,3.33,3.33,100.0,10.0,30.7,32.6,0.0,0.0,0.67,0.0,0.0,0.0,35.3,19.3,15.3,6.0,0.0,0.0,0.0,0.0,0.0,0.0,0.0,0.0,14.0,0.67,0.0,0.0,0.0,0.0,0.0,0.0,0.0,0.0,0.0,0.0,0.0,0.0,0.0,0.0,0.0,0.0,0.0,0.0,0.0,0.0,0.0,0.0,0.0,0.0,0.0,0.0,0.0,0.67,0.67,0.0,0.0,37.3,29.3,37.3,0.0,0.0,0.0,37.3,0.0,0.0,0.0,0.0,0.0,21.3,140.7,74.7,0.0,0.0,0.0,0.0,0.0,12.7,0.0,0.0,0.0,0.0,0.0,0.0,0.0,0.0,0.0,0.0,0.0,0.0,0.0,0.67,0.67,50.0,0.0,-18.539999999999978,Pessimo
